Date,Open,High,Low,Close,Volume,Adj Close
2000-01-03,30.5,30.625,29.0,29.3125,433900,26.701418
2000-01-04,29.0,30.125,28.75,29.0,522300,26.416755
2000-01-05,29.0,29.875,28.5625,29.875,674000,27.213812
2000-01-06,29.4375,29.875,28.75,29.5625,911700,26.929149
2000-01-07,29.75,31.25,29.5,31.1875,606000,28.409398
2000-01-10,32.0,34.125,32.0,33.9375,1012300,30.914435
2000-01-11,33.9375,37.5625,33.8125,36.5,2893100,33.248674
2000-01-12,36.8125,38.25,36.625,38.0,1479400,34.615058
2000-01-13,38.25,38.9375,37.0,37.0,1507000,33.704136
2000-01-14,37.75,38.5,37.5,38.125,609200,34.728924
2000-01-18,39.5,40.0,38.125,38.4375,2728900,35.013587
2000-01-19,39.0,39.375,38.5,39.0,469400,35.525981
2000-01-20,39.5,41.3125,39.5,40.5,1205200,36.892365
2000-01-21,41.4375,43.25,41.3125,43.125,2353300,39.283537
2000-01-24,43.125,44.625,41.8125,42.0,2161100,38.258749
2000-01-25,42.75,42.75,40.75,41.3125,788000,37.632489
2000-01-26,41.3125,42.25,39.5,39.75,578600,36.209173
2000-01-27,39.75,40.4375,38.125,38.375,975700,34.956654
2000-01-28,38.75,39.375,37.25,37.8125,601300,34.44426
2000-01-31,37.75,37.8125,35.6875,35.875,617700,32.679348
2000-02-01,36.0,38.875,34.3125,38.75,1191800,35.29825
2000-02-02,39.0,39.75,38.4375,39.25,1714200,35.753712
2000-02-03,39.5,40.375,38.5,40.0,433200,36.436903
2000-02-04,40.25,42.0,39.8125,40.4375,754100,36.835432
2000-02-07,39.25,39.3125,38.0,38.625,2011700,35.184385
2000-02-08,38.75,42.125,38.75,42.0,2194900,38.258749
2000-02-09,42.5,42.5,41.2187,41.875,1885100,38.144883
2000-02-10,41.875,44.75,41.75,43.9375,2589300,40.023661
2000-02-11,44.5,45.0,44.0625,44.25,1212700,40.308324
2000-02-14,44.4375,44.875,43.8125,44.875,1778700,40.877651
2000-02-15,45.0,47.25,45.0,45.625,1119500,41.560843
2000-02-16,45.875,46.75,45.0,46.0,479400,41.902439
2000-02-17,45.875,46.125,43.75,45.0,1402200,40.991516
2000-02-18,44.25,44.75,42.375,42.75,749700,38.941941
2000-02-22,43.25,43.3125,40.125,41.0,710700,37.347826
2000-02-23,41.75,43.625,41.5625,43.3125,992100,39.454335
2000-02-24,43.5625,45.625,42.625,43.0,764300,39.169671
2000-02-25,43.0625,43.5,41.875,42.5,709800,38.71421
2000-02-28,42.5,45.75,41.0625,45.1875,855700,41.162314
2000-02-29,46.5,49.75,46.5,49.25,1093600,44.862937
2000-03-01,49.25,50.5,47.5,48.875,1480500,44.521341
2000-03-02,49.0,49.0625,47.0,48.5,1208600,44.179745
2000-03-03,48.75,51.125,48.75,50.875,1843200,46.343187
2000-03-06,50.4375,51.0,49.4375,51.0,1335100,46.457052
2000-03-07,51.5,51.75,47.875,49.625,1100300,45.204533
2000-03-08,50.0,55.5,49.625,53.9375,2308000,49.132887
2000-03-09,52.0625,53.625,50.5,53.625,3095000,48.848224
2000-03-10,53.5,55.5,53.0,54.8125,1502800,49.929944
2000-03-13,53.5,54.375,52.0,53.75,466900,48.962089
2000-03-14,54.0625,54.3125,48.25,49.5,1008300,45.090668
2000-03-15,49.3125,49.3125,43.75,44.625,1186700,40.64992
2000-03-16,46.0,46.125,41.125,45.0,1505500,40.991516
2000-03-17,45.5,51.875,45.5,50.75,1159800,46.229321
2000-03-20,52.875,52.875,47.375,48.0,943700,43.724284
2000-03-21,48.0625,48.5,45.75,47.875,889100,43.610419
2000-03-22,48.125,53.0,48.125,53.0,1099900,48.278897
2000-03-23,53.125,53.75,50.5,52.1875,440900,47.538773
2000-03-24,53.5,54.25,50.75,52.0,1646100,47.367975
2000-03-27,52.0,52.0,49.5625,50.3125,550500,45.830793
2000-03-28,50.5,51.5,49.5,50.9375,643400,46.400119
2000-03-29,51.3125,51.9375,49.5,49.875,487800,45.432264
2000-03-30,49.75,50.0,48.25,50.0,673700,45.546129
2000-03-31,50.0,51.4375,48.375,49.375,529400,44.976803
2000-04-03,49.0,49.0,44.4375,45.125,1132800,41.105382
2000-04-04,46.0,46.625,40.375,43.9375,1090900,40.023661
2000-04-05,44.0,47.0,42.5,46.6875,519600,42.528698
2000-04-06,48.75,50.1875,48.4375,50.0,1355700,45.546129
2000-04-07,50.0,50.4375,49.1875,49.8125,339700,45.375331
2000-04-10,49.0,49.0625,46.375,46.75,428200,42.585631
2000-04-11,46.125,46.25,44.6875,45.625,448100,41.560843
2000-04-12,45.5,45.5625,42.0,43.25,578800,39.397402
2000-04-13,42.5,42.75,40.625,41.75,1471400,38.031018
2000-04-14,40.5,40.9375,39.5,40.1875,630700,36.607701
2000-04-17,40.4375,41.75,38.25,41.5,966300,37.803287
2000-04-18,41.75,44.5,41.3125,43.75,1459800,39.852863
2000-04-19,43.8125,45.6875,42.625,45.0625,704500,41.048449
2000-04-20,45.1875,45.625,44.0,45.25,1051000,41.219247
2000-04-24,44.75,44.75,41.25,42.9375,536300,39.112739
2000-04-25,43.1875,43.625,42.875,43.0,429800,39.169671
2000-04-26,42.9375,45.0,42.4375,44.75,1088400,40.763786
2000-04-27,44.25,44.5625,43.0,44.3125,302500,40.365257
2000-04-28,45.0,47.0,44.5,46.5625,1161900,42.414833
2000-05-01,46.875,47.125,46.125,46.375,708200,42.244035
2000-05-02,46.3125,46.3125,45.375,45.6875,464700,41.617776
2000-05-03,45.5,45.5,42.0,42.6875,559000,38.885008
2000-05-04,44.0,44.9375,42.6875,43.3125,1560500,39.454335
2000-05-05,43.375,45.9375,43.375,45.25,416000,41.219247
2000-05-08,45.75,46.125,44.6875,45.125,360600,41.105382
2000-05-09,45.0,45.375,41.5,43.75,430800,39.852863
2000-05-10,43.5,43.5,37.5,40.9375,1433100,37.290893
2000-05-11,41.5,41.875,39.75,40.4375,977700,36.835432
2000-05-12,41.0,42.0,40.625,41.8125,731000,38.087951
2000-05-15,41.5625,41.5625,40.375,41.0,411800,37.347826
2000-05-16,42.25,44.875,42.25,43.8125,1010700,39.909796
2000-05-17,43.75,45.25,43.125,44.8125,3788400,40.820718
2000-05-18,44.6875,45.125,43.75,44.25,626900,40.308324
2000-05-19,43.75,43.875,42.75,43.0,705600,39.169671
2000-05-22,43.25,43.25,40.9375,41.0625,482400,37.404759
2000-05-23,41.4375,42.25,38.6875,39.25,1174500,35.753712
2000-05-24,38.875,38.9375,37.25,38.5625,892700,35.127452
2000-05-25,39.0,40.5,39.0,39.8125,796600,36.266105
2000-05-26,40.0625,40.0625,38.625,39.1875,155800,35.696779
2000-05-30,39.25,39.625,37.0,37.6875,1278800,34.330395
2000-05-31,38.125,38.125,36.3125,37.125,959800,33.818001
2000-06-01,38.125,39.375,37.5,38.625,779200,35.184385
2000-06-02,40.0,41.5,40.0,41.375,1217200,37.689422
2000-06-05,41.5,44.375,41.375,43.5625,969400,39.682065
2000-06-06,43.8125,44.875,42.625,43.5,1113900,39.625133
2000-06-07,43.3125,43.5,41.5,42.4375,300100,38.657277
2000-06-08,42.1875,43.0,41.75,41.8125,107300,38.087951
2000-06-09,42.0625,42.75,41.375,41.75,130600,38.031018
2000-06-12,41.625,41.75,40.5,41.0,462600,37.347826
2000-06-13,41.25,41.25,39.25,40.6875,488900,37.063163
2000-06-14,40.875,41.375,40.75,41.1875,471400,37.518624
2000-06-15,41.1875,42.375,40.125,42.0,324700,38.258749
2000-06-16,42.5,42.5,41.0,41.9375,454600,38.201816
2000-06-19,41.6875,41.6875,40.6875,41.3125,221200,37.632489
2000-06-20,41.875,42.8125,41.5,41.625,287400,37.917153
2000-06-21,41.875,43.875,41.875,42.5,280300,38.71421
2000-06-22,41.25,41.5,41.25,41.25,3335800,37.575557
2000-06-23,41.4375,41.8125,40.625,41.0,786000,37.347826
2000-06-26,40.75,41.5625,40.0,41.0625,723100,37.404759
2000-06-27,41.25,41.375,40.5,40.875,876700,37.233961
2000-06-28,40.625,41.125,40.125,40.875,774500,37.233961
2000-06-29,41.0,41.375,40.75,41.1875,453100,37.518624
2000-06-30,41.1875,42.375,41.1875,41.6875,987900,37.974085
2000-07-03,41.875,42.25,41.8125,42.0,260900,38.258749
2000-07-05,42.25,43.3125,41.375,42.0625,1344600,38.315681
2000-07-06,42.0625,42.875,41.6875,42.625,1269800,38.828075
2000-07-07,42.875,44.1875,42.875,43.75,1517600,39.852863
2000-07-10,43.625,46.625,43.625,46.5,1448800,42.3579
2000-07-11,46.75,47.125,45.75,46.0,882700,41.902439
2000-07-12,46.25,47.625,46.25,47.4375,962100,43.21189
2000-07-13,47.3125,47.5,46.25,46.5,1340400,42.3579
2000-07-14,46.375,46.5,45.5625,45.75,586700,41.674708
2000-07-17,45.75,45.9375,43.75,44.125,1640900,40.194459
2000-07-18,44.375,44.75,43.25,44.5,635700,40.536055
2000-07-19,44.25,45.25,44.25,44.5,444700,40.536055
2000-07-20,44.5,45.375,44.375,45.125,749700,41.105382
2000-07-21,45.0,45.125,44.5,44.625,937400,40.64992
2000-07-24,44.625,47.0,44.625,46.375,711600,42.244035
2000-07-25,46.625,46.9375,44.6875,45.375,292900,41.333112
2000-07-26,45.375,45.375,42.375,44.625,991900,40.64992
2000-07-27,44.625,44.625,42.0,43.625,664100,39.738998
2000-07-28,43.5,43.5625,41.5,41.8125,530300,38.087951
2000-07-31,42.0625,43.625,42.0625,42.875,475600,39.055806
2000-08-01,43.0,43.625,42.625,42.9375,251400,39.112739
2000-08-02,42.9375,43.3125,42.8125,43.125,871000,39.283537
2000-08-03,42.375,43.5,41.75,43.4375,550100,39.5682
2000-08-04,43.6875,45.125,43.5,44.8125,528500,40.820718
2000-08-07,44.6875,44.9375,44.0,44.375,361500,40.42219
2000-08-08,43.0,44.375,42.625,43.6875,768600,39.795931
2000-08-09,43.875,44.0,43.5,43.5625,1309700,39.682065
2000-08-10,43.5,43.5,41.5,41.875,661600,38.144883
2000-08-11,41.875,42.25,41.4375,41.875,314700,38.144883
2000-08-14,42.0,43.0,41.875,42.75,612000,38.941941
2000-08-15,42.875,43.0625,42.3125,43.0,492700,39.169671
2000-08-16,43.0625,43.625,43.0,43.25,1253900,39.397402
2000-08-17,43.25,43.375,42.1875,42.5625,367000,38.771143
2000-08-18,42.75,46.0,42.75,45.5,1378200,41.446978
2000-08-21,45.75,45.8125,44.4375,44.875,525500,40.877651
2000-08-22,44.75,44.8125,42.5,42.5,689900,38.71421
2000-08-23,43.0,44.0,42.6875,43.5625,565400,39.682065
2000-08-24,43.5,43.6875,43.1875,43.1875,700600,39.340469
2000-08-25,43.1875,43.875,43.125,43.3125,579500,39.454335
2000-08-28,43.25,43.3125,40.5,40.75,1913900,37.120095
2000-08-29,40.75,41.5,39.0,41.0,1881700,37.347826
2000-08-30,40.5625,40.6875,38.3125,38.3125,1757100,34.899722
2000-08-31,37.875,38.125,34.0,36.375,6530000,33.134809
2000-09-01,36.5625,38.5,35.8125,37.875,2217500,34.501193
2000-09-05,37.5,37.5,36.0,36.625,1234000,33.36254
2000-09-06,36.375,38.375,36.375,37.8125,1317400,34.44426
2000-09-07,37.5,38.0,37.0625,37.6875,1804700,34.330395
2000-09-08,37.6875,37.8125,36.3125,37.375,861700,34.045732
2000-09-11,37.5625,37.5625,37.0,37.25,798200,33.931866
2000-09-12,37.25,37.5,36.375,36.375,1466200,33.134809
2000-09-13,36.5,36.625,35.125,35.625,661500,32.451617
2000-09-14,35.625,36.25,35.25,36.0,515600,32.793213
2000-09-15,36.25,36.375,34.5625,35.1875,729100,32.053089
2000-09-18,35.1875,35.1875,33.125,33.9375,620000,30.914435
2000-09-19,34.0,34.75,33.75,34.0,606600,30.971368
2000-09-20,33.5,34.0,32.25,33.0,1508500,30.060445
2000-09-21,33.25,33.3125,27.625,30.625,3926400,27.897004
2000-09-22,30.0,31.375,30.0,31.0,1454200,28.2386
2000-09-25,31.75,33.875,31.75,33.625,1121200,30.629772
2000-09-26,33.3125,33.5,32.5,33.0,1007400,30.060445
2000-09-27,33.125,35.25,32.75,35.0,1722400,31.882291
2000-09-28,35.0,38.0,34.625,36.875,1404600,33.59027
2000-09-29,36.875,38.0625,35.4375,37.6875,1960700,34.330395
2000-10-02,37.6875,38.625,37.0,37.625,942600,34.273462
2000-10-03,38.0,38.25,37.375,37.875,620600,34.501193
2000-10-04,37.625,37.75,35.125,37.75,798500,34.387328
2000-10-05,37.375,37.75,36.0,36.875,764500,33.59027
2000-10-06,36.0,36.125,34.5,35.0,601000,31.882291
2000-10-09,35.0,35.875,33.0,35.625,564200,32.451617
2000-10-10,35.375,36.625,34.875,36.5,733500,33.248674
2000-10-11,35.0,35.75,34.625,35.5625,632200,32.394684
2000-10-12,35.75,37.125,34.25,34.8125,1402500,31.711493
2000-10-13,34.875,37.125,34.6875,37.125,1106600,33.818001
2000-10-16,37.125,38.875,36.75,38.5,755100,35.07052
2000-10-17,38.5,38.5,35.75,36.3125,1760600,33.077876
2000-10-18,35.75,35.75,32.0,34.0,1713100,30.971368
2000-10-19,35.0,35.875,34.6875,35.875,1439700,32.679348
2000-10-20,35.875,36.0,35.1875,35.875,944100,32.679348
2000-10-23,35.625,35.6875,35.0,35.25,680500,32.110021
2000-10-24,35.0,35.25,34.875,34.9375,840900,31.825358
2000-10-25,34.6875,34.6875,33.25,33.75,507600,30.743637
2000-10-26,33.5,33.875,31.25,32.0,1056800,29.149523
2000-10-27,32.375,38.0,32.25,37.375,2739700,34.045732
2000-10-30,37.75,39.0,37.375,39.0,1377900,35.525981
2000-10-31,39.0,41.375,39.0,40.9375,1329900,37.290893
2000-11-01,40.6875,42.1875,40.625,41.0,1264000,37.347826
2000-11-02,41.5,42.4375,41.25,42.125,1335800,38.372614
2000-11-03,42.125,42.125,40.375,41.875,383200,38.144883
2000-11-06,41.8125,41.9375,40.125,41.0625,557500,37.404759
2000-11-07,41.3125,41.3125,38.875,39.25,861800,35.753712
2000-11-08,39.625,41.0,39.625,40.4375,472800,36.835432
2000-11-09,38.75,39.1875,37.625,39.125,973700,35.639846
2000-11-10,38.75,38.8125,38.0,38.625,436900,35.184385
2000-11-13,38.5,38.625,36.25,37.0,1275800,33.704136
2000-11-14,38.25,39.375,37.5625,38.0,406000,34.615058
2000-11-15,38.0,40.875,37.625,40.8125,692500,37.177028
2000-11-16,40.625,40.625,38.125,38.1875,883100,34.785856
2000-11-17,38.25,38.25,35.625,36.1875,562700,32.964011
2000-11-20,36.1875,36.1875,33.125,33.8125,780300,30.80057
2000-11-21,34.0,34.625,32.125,33.0,704800,30.060445
2000-11-22,32.5,32.75,30.75,31.875,1139600,29.035657
2000-11-24,32.5,33.5,32.3125,33.5,338100,30.515907
2000-11-27,36.0,36.0625,33.625,34.5625,589200,31.483762
2000-11-28,34.25,34.25,31.75,31.875,481900,29.035657
2000-11-29,32.125,32.375,30.5,31.3125,304600,28.523264
2000-11-30,30.75,30.75,28.75,30.125,926600,27.441543
2000-12-01,30.0,32.5625,30.0,30.6875,836600,27.953937
2000-12-04,30.75,31.125,30.25,30.375,551300,27.669274
2000-12-05,30.75,34.75,30.75,34.75,1109700,31.65456
2000-12-06,34.75,35.625,33.75,35.0625,753400,31.939223
2000-12-07,33.8125,34.25,32.8125,33.5,494600,30.515907
2000-12-08,34.25,38.4375,34.25,38.0625,1422600,34.671991
2000-12-11,38.1875,39.125,37.375,38.75,1212500,35.29825
2000-12-12,38.625,39.375,37.625,39.0,395600,35.525981
2000-12-13,39.375,39.5,37.1875,37.5625,572900,34.21653
2000-12-14,37.8125,37.9375,35.5625,35.875,587300,32.679348
2000-12-15,35.625,35.75,34.5,35.75,960700,32.565482
2000-12-18,35.5,35.5625,34.625,34.9375,434500,31.825358
2000-12-19,35.0,35.0,33.125,33.6875,509400,30.686705
2000-12-20,32.375,35.0,30.5,35.0,1656600,31.882291
2000-12-21,34.625,34.6875,32.25,33.75,683100,30.743637
2000-12-22,33.625,35.9375,33.5625,35.125,562700,31.996156
2000-12-26,35.1875,35.8125,34.375,35.6875,480100,32.50855
2000-12-27,35.9375,36.5,35.375,36.25,569500,33.020944
2000-12-28,36.25,37.4375,36.0625,37.3125,375000,33.988799
2000-12-29,37.5,38.0,37.5,37.875,1007600,34.501193
2001-01-02,37.875,37.875,36.1875,36.25,1140900,33.020944
2001-01-03,36.125,39.0625,35.875,39.0625,1206900,35.582914
2001-01-04,39.0625,41.5,38.9375,39.5625,1027400,36.038375
2001-01-05,37.25,37.25,33.0,36.125,2448900,32.907078
2001-01-08,36.25,36.25,35.3125,36.0625,514800,32.850146
2001-01-09,36.0625,36.1875,34.4375,35.5,673200,32.337752
2001-01-10,35.375,37.875,34.25,37.1875,495800,33.874934
2001-01-11,37.25,41.5,37.125,41.0,3022000,37.347826
2001-01-12,41.0,41.0,38.9375,40.0,1056800,36.436903
2001-01-16,40.0,40.125,37.5,38.125,1305200,34.728924
2001-01-17,38.875,39.8125,38.4375,39.25,1289800,35.753712
2001-01-18,36.25,36.5625,35.875,36.25,6455300,33.020944
2001-01-19,36.625,36.6875,35.375,35.9375,2075600,32.73628
2001-01-22,35.9375,35.9375,34.5,35.0625,1126000,31.939223
2001-01-23,35.375,36.5,35.375,36.1875,3558000,32.964011
2001-01-24,36.25,36.5,35.125,35.375,1414900,32.223887
2001-01-25,35.5625,36.125,34.625,36.125,1087700,32.907078
2001-01-26,35.875,36.875,34.75,36.625,3127000,33.36254
2001-01-29,36.419998,36.599998,36.0,36.150002,679600,32.929853
2001-01-30,36.389999,36.52,36.200001,36.349998,579600,33.112035
2001-01-31,36.5,36.630001,34.75,36.200001,1626500,32.975398
2001-02-01,36.400002,37.25,36.150002,36.98,1046100,33.685917
2001-02-02,37.0,37.02,35.130001,35.330002,443900,32.182897
2001-02-05,35.25,35.25,34.25,35.080002,874500,31.955166
2001-02-06,35.150002,36.400002,35.150002,36.200001,707700,32.975398
2001-02-07,36.200001,36.200001,35.400002,35.59,837900,32.419735
2001-02-08,35.549999,35.650002,34.299999,34.509998,900800,31.435937
2001-02-09,34.0,34.200001,32.299999,33.09,1541600,30.142429
2001-02-12,33.099998,33.57,32.400002,32.93,759800,29.996681
2001-02-13,33.0,34.07,33.0,33.139999,1335800,30.187974
2001-02-14,33.049999,33.139999,32.669998,32.950001,311600,30.0149
2001-02-15,33.25,34.5,33.25,34.049999,766000,31.016913
2001-02-16,33.700001,34.0,32.799999,33.0,579800,30.060445
2001-02-20,33.75,34.5,31.780001,32.110001,913900,29.249725
2001-02-21,32.110001,32.900002,32.0,32.200001,570800,29.331708
2001-02-22,32.080002,32.080002,30.450001,31.27,812600,28.48455
2001-02-23,30.799999,30.799999,28.290001,29.629999,1336800,26.990635
2001-02-26,30.5,31.700001,30.35,31.700001,653000,28.876247
2001-02-27,31.530001,31.65,28.6,29.200001,1106900,26.59894
2001-02-28,29.200001,30.15,28.93,28.940001,1458800,26.3621
2001-03-01,28.35,28.6,27.120001,27.75,1659100,25.278102
2001-03-02,27.35,28.0,27.299999,27.700001,1486300,25.232556
2001-03-05,28.1,28.139999,27.35,27.6,985400,25.141464
2001-03-06,27.75,28.75,27.6,28.41,2571100,25.879311
2001-03-07,28.75,28.950001,27.790001,27.9,1065400,25.41474
2001-03-08,27.85,27.9,26.950001,27.549999,619300,25.095917
2001-03-09,27.4,27.459999,26.049999,26.469999,846200,24.11212
2001-03-12,25.75,25.969999,23.549999,24.1,1557100,21.953235
2001-03-13,24.1,24.1,22.0,22.690001,4181200,20.668834
2001-03-14,21.85,23.200001,21.549999,22.0,2562300,20.040297
2001-03-15,23.0,23.200001,21.700001,21.790001,2839100,19.849004
2001-03-16,22.0,22.200001,21.1,21.1,1349000,19.220467
2001-03-19,21.75,21.75,20.450001,21.200001,2396100,19.31156
2001-03-20,21.48,21.700001,20.75,20.75,1255700,18.901644
2001-03-21,21.0,21.18,20.25,20.370001,1206200,18.555494
2001-03-22,20.4,20.65,18.75,19.450001,1697400,17.717445
2001-03-23,19.299999,20.450001,19.299999,20.15,1263500,18.35509
2001-03-26,20.25,21.0,20.0,20.25,1072900,18.446182
2001-03-27,20.15,21.5,20.1,21.5,1235000,19.584836
2001-03-28,21.0,21.0,20.08,20.209999,1225400,18.409745
2001-03-29,20.219999,20.6,19.1,19.25,1413000,17.53526
2001-03-30,19.15,19.25,17.700001,18.5,3086400,16.852068
2001-04-02,19.0,19.0,18.0,18.41,870300,16.770085
2001-04-03,17.1,17.299999,14.27,14.45,4033400,13.162831
2001-04-04,14.55,15.4,14.2,14.51,3900400,13.217487
2001-04-05,15.5,17.0,15.05,16.99,2217700,15.476575
2001-04-06,16.15,16.15,14.92,14.95,2070500,13.618293
2001-04-09,15.02,15.65,15.0,15.4,1280700,14.028207
2001-04-10,16.15,17.9,16.059999,17.0,3371300,15.485684
2001-04-11,18.6,19.02,18.049999,18.15,2269700,16.533245
2001-04-12,18.15,20.65,18.15,20.540001,2817900,18.710351
2001-04-16,20.4,20.879999,19.84,20.299999,1481000,18.491728
2001-04-17,20.309999,23.6,20.309999,23.1,2411600,21.042312
2001-04-18,24.35,26.49,24.27,25.18,2699800,22.937031
2001-04-19,25.18,26.48,24.700001,26.25,996200,23.911718
2001-04-20,26.25,27.0,25.549999,26.67,1068500,24.294305
2001-04-23,26.25,26.25,24.9,24.91,1002400,22.691082
2001-04-24,24.5,25.18,24.1,24.6,1042700,22.408696
2001-04-25,24.4,25.25,24.4,24.809999,841100,22.599989
2001-04-26,24.809999,25.66,24.809999,25.440001,599200,23.173871
2001-04-27,25.549999,25.700001,24.799999,25.49,429800,23.219417
2001-04-30,25.92,26.889999,25.799999,26.799999,881100,24.412725
2001-05-01,26.799999,27.540001,26.0,27.530001,809300,25.077699
2001-05-02,27.540001,28.75,27.450001,27.85,1103900,25.369194
2001-05-03,27.51,28.0,26.9,27.67,1743200,25.205228
2001-05-04,26.950001,28.200001,26.85,28.0,704600,25.505832
2001-05-07,27.950001,28.040001,27.629999,28.0,714800,25.505832
2001-05-08,27.879999,28.049999,25.6,25.959999,2544900,23.64755
2001-05-09,25.959999,25.969999,24.700001,25.4,718200,23.137433
2001-05-10,26.0,26.09,25.530001,25.59,527000,23.310509
2001-05-11,25.35,25.5,24.799999,25.200001,1056900,22.95525
2001-05-14,24.99,24.99,23.200001,24.110001,1104200,21.962344
2001-05-15,24.120001,24.18,23.84,23.92,754200,21.789268
2001-05-16,23.950001,24.450001,23.440001,24.25,733600,22.089873
2001-05-17,25.1,26.9,25.049999,26.51,1463700,24.148558
2001-05-18,27.0,27.48,26.549999,26.799999,802700,24.412725
2001-05-21,26.85,26.85,26.25,26.5,967900,24.139449
2001-05-22,26.719999,26.959999,26.48,26.92,409000,24.522036
2001-05-23,26.700001,26.709999,25.870001,25.98,270300,23.665768
2001-05-24,25.969999,25.99,25.0,25.860001,408900,23.556459
2001-05-25,25.860001,26.040001,24.85,25.799999,682500,23.501802
2001-05-29,25.6,25.860001,24.200001,24.780001,649100,22.572662
2001-05-30,24.540001,24.540001,22.5,23.25,1519000,21.17895
2001-05-31,23.4,24.889999,23.4,24.74,623600,22.536225
2001-06-01,24.74,25.110001,23.77,25.049999,722000,22.81861
2001-06-04,24.85,24.950001,23.950001,24.25,404300,22.089873
2001-06-05,24.299999,24.860001,24.25,24.51,653900,22.326713
2001-06-06,24.5,24.51,24.1,24.25,402600,22.089873
2001-06-07,24.200001,24.5,24.200001,24.5,491700,22.317603
2001-06-08,24.549999,24.58,24.299999,24.389999,138700,22.217401
2001-06-11,24.299999,24.4,23.52,23.9,380000,21.771049
2001-06-12,23.1,23.1,21.799999,22.9,1111600,20.860127
2001-06-13,22.950001,23.139999,22.66,22.67,817800,20.650615
2001-06-14,22.67,22.67,21.17,21.57,681600,19.6486
2001-06-15,21.57,21.57,20.75,20.91,615500,19.047391
2001-06-18,20.799999,20.809999,19.6,19.82,1097500,18.054485
2001-06-19,20.200001,20.34,18.690001,18.99,1964900,17.29842
2001-06-20,18.98,19.200001,18.43,19.15,1272300,17.444167
2001-06-21,18.65,18.65,16.9,18.35,5710900,16.71543
2001-06-22,18.42,19.08,17.76,18.5,1574800,16.852068
2001-06-25,18.6,18.93,18.24,18.25,802600,16.624337
2001-06-26,18.200001,18.639999,18.16,18.459999,810600,16.81563
2001-06-27,18.469999,19.0,18.42,18.719999,732300,17.05247
2001-06-28,18.82,19.5,18.82,18.950001,1135700,17.261984
2001-06-29,18.959999,21.0,18.959999,20.67,1782600,18.82877
2001-07-02,20.52,20.620001,20.17,20.24,1025100,18.437073
2001-07-03,20.0,20.32,19.799999,20.1,350100,18.309544
2001-07-05,20.1,20.219999,19.719999,19.91,847600,18.136469
2001-07-06,19.68,19.74,18.07,18.42,905500,16.779194
2001-07-09,18.299999,18.65,18.209999,18.24,1077500,16.615228
2001-07-10,18.5,18.6,17.709999,17.75,1521600,16.168876
2001-07-11,17.5,17.66,17.26,17.440001,676600,15.88649
2001-07-12,18.049999,18.799999,17.969999,18.65,762700,16.988706
2001-07-13,18.65,18.67,18.200001,18.450001,745700,16.806522
2001-07-16,18.530001,18.65,18.049999,18.15,495900,16.533245
2001-07-17,18.0,18.6,17.85,18.6,668700,16.94316
2001-07-18,18.42,18.450001,17.82,17.98,496200,16.378388
2001-07-19,17.98,17.98,16.1,16.82,2053600,15.321718
2001-07-20,16.719999,17.23,16.26,16.940001,2232700,15.431029
2001-07-23,17.25,17.32,16.719999,16.879999,984300,15.376373
2001-07-24,16.6,16.9,16.51,16.6,936700,15.121315
2001-07-25,16.799999,17.09,16.5,16.98,513800,15.467465
2001-07-26,17.0,17.0,16.200001,16.68,893200,15.194189
2001-07-27,16.620001,17.07,16.27,17.040001,1055800,15.522122
2001-07-30,17.23,17.23,16.799999,17.040001,719200,15.522122
2001-07-31,17.1,17.120001,16.9,16.950001,2665900,15.440139
2001-08-01,16.98,17.059999,16.85,16.9,878100,15.394591
2001-08-02,17.5,18.6,17.459999,18.6,2833600,16.94316
2001-08-03,19.15,19.15,18.66,18.76,1228200,17.088908
2001-08-06,18.76,18.76,18.35,18.35,994900,16.71543
2001-08-07,18.25,18.450001,17.68,17.68,1650400,16.105112
2001-08-08,17.5,17.620001,17.0,17.129999,4407800,15.604103
2001-08-09,17.129999,17.219999,16.59,16.68,1630100,15.194189
2001-08-10,16.75,17.0,16.200001,16.65,609900,15.166861
2001-08-13,16.6,17.0,16.6,16.92,1448700,15.41281
2001-08-14,16.98,17.1,16.35,16.48,962300,15.012004
2001-08-15,16.35,16.5,15.25,15.85,2202800,14.438123
2001-08-16,15.75,15.75,14.74,15.0,2135800,13.663839
2001-08-17,15.0,15.58,14.72,15.35,1397600,13.982662
2001-08-20,15.15,15.27,14.94,15.0,686800,13.663839
2001-08-21,15.0,15.45,14.43,14.55,758500,13.253924
2001-08-22,14.55,15.15,14.25,14.85,620400,13.527201
2001-08-23,14.93,15.14,14.36,14.55,751900,13.253924
2001-08-24,14.55,15.25,14.55,15.17,873200,13.818696
2001-08-27,15.25,16.0,15.25,15.9,1333200,14.483669
2001-08-28,15.86,15.93,15.45,15.6,1351500,14.210393
2001-08-29,15.7,15.75,14.97,14.98,1052100,13.64562
2001-08-30,14.93,14.99,14.1,14.36,752600,13.080848
2001-08-31,14.25,14.98,14.0,14.47,1384400,13.18105
2001-09-04,14.47,14.5,13.4,13.5,1208700,12.297455
2001-09-05,13.05,13.3,12.03,12.3,1549000,11.204348
2001-09-06,12.3,12.49,9.5,11.19,10857500,10.193223
2001-09-07,11.11,11.85,10.91,11.0,4323900,10.020148
2001-09-10,10.95,11.65,10.85,11.45,2283800,10.430063
2001-09-17,11.35,12.75,11.2,11.54,1825000,10.512047
2001-09-18,11.89,12.44,11.51,11.65,1818400,10.612248
2001-09-19,11.75,11.9,11.1,11.6,1530500,10.566702
2001-09-20,12.0,12.0,11.45,11.7,771100,10.657794
2001-09-21,11.55,11.75,10.95,11.75,1215800,10.70334
2001-09-24,12.75,13.19,11.9,13.15,2329300,11.978632
2001-09-25,13.05,13.48,12.0,12.51,1672500,11.395642
2001-09-26,12.61,13.15,12.6,12.7,1366400,11.568717
2001-09-27,12.75,13.3,12.37,13.28,1952600,12.097052
2001-09-28,13.2,14.09,13.02,13.89,2127700,12.652715
2001-10-01,13.8,13.81,12.8,13.4,1178500,12.206362
2001-10-02,13.4,14.44,13.4,14.44,1871800,13.153722
2001-10-03,14.2,15.0,13.66,14.9,2458000,13.572746
2001-10-04,14.9,15.94,14.5,15.4,1816900,14.028207
2001-10-05,15.16,15.2,14.34,14.76,1200900,13.445218
2001-10-08,14.4,15.13,14.38,14.73,775800,13.417889
2001-10-09,14.75,14.8,14.0,14.07,1599900,12.816681
2001-10-10,14.07,14.65,13.82,14.65,2047400,13.345016
2001-10-11,14.95,16.299999,14.9,16.27,2030600,14.820711
2001-10-12,15.85,16.200001,14.9,15.57,1367600,14.183064
2001-10-15,15.57,15.57,14.5,14.93,1593800,13.600075
2001-10-16,14.93,15.19,14.5,14.95,1920000,13.618293
2001-10-17,15.3,15.55,14.78,14.87,1239600,13.545419
2001-10-18,14.85,14.99,14.54,14.69,602500,13.381452
2001-10-19,14.59,14.85,13.92,14.71,888200,13.399671
2001-10-22,14.71,14.75,14.05,14.5,1037200,13.208378
2001-10-23,14.3,14.67,13.86,13.97,1841700,12.725589
2001-10-24,13.8,14.0,12.46,12.79,3800700,11.6507
2001-10-25,12.79,12.9,12.3,12.69,1931100,11.559607
2001-10-26,12.68,12.9,12.45,12.68,2554100,11.550499
2001-10-29,12.68,12.85,11.99,12.0,1114300,10.931071
2001-10-30,11.95,11.95,10.9,10.98,2941800,10.00193
2001-10-31,11.15,11.2,10.58,11.02,2006100,10.038367
2001-11-01,11.0,11.0,10.45,10.83,2455900,9.865292
2001-11-02,10.65,11.3,10.33,10.91,1618000,9.938165
2001-11-05,11.55,11.55,10.81,10.84,1879700,9.874401
2001-11-06,9.9,10.0,7.0,7.0,16068800,6.376458
2001-11-07,7.25,7.25,5.25,5.98,20257000,5.447317
2001-11-08,6.3,6.95,6.1,6.25,12681400,5.693266
2001-11-09,6.45,6.75,6.4,6.44,3546400,5.866342
2001-11-12,6.8,6.8,6.24,6.3,2621800,5.738812
2001-11-13,6.5,6.65,6.4,6.41,3558800,5.839014
2001-11-14,6.55,7.05,6.55,7.0,3521400,6.376458
2001-11-15,7.04,7.65,6.88,7.6,3617900,6.923012
2001-11-16,7.6,7.69,7.43,7.68,3805800,6.995885
2001-11-19,7.68,8.2,7.56,8.13,3011500,7.405801
2001-11-20,8.03,8.22,7.85,7.86,2851400,7.159852
2001-11-21,7.78,7.9,7.55,7.75,1508700,7.05965
2001-11-23,7.75,8.08,7.7,7.92,619100,7.214507
2001-11-26,7.98,8.7,7.92,8.57,2597400,7.806606
2001-11-27,8.57,9.65,8.55,9.25,3323200,8.426034
2001-11-28,9.25,9.7,8.81,9.2,3067000,8.380488
2001-11-29,9.19,9.49,9.01,9.35,2000200,8.517127
2001-11-30,9.3,9.35,8.78,8.8,1508800,8.016119
2001-12-03,8.5,8.71,7.69,8.09,3157000,7.369364
2001-12-04,8.08,8.43,7.85,8.1,4037100,7.378473
2001-12-05,8.12,8.67,8.11,8.41,3371100,7.660859
2001-12-06,8.51,8.91,8.26,8.35,1813700,7.606204
2001-12-07,8.3,8.3,7.59,7.7,2639200,7.014104
2001-12-10,7.71,7.71,5.91,6.9,3864100,6.285366
2001-12-11,7.3,7.4,7.0,7.31,2241900,6.658844
2001-12-12,7.16,7.35,6.78,7.0,1524000,6.376458
2001-12-13,7.01,7.01,6.76,6.86,1469400,6.248929
2001-12-14,6.9,7.06,6.85,7.0,2314200,6.376458
2001-12-17,7.0,7.3,6.95,7.29,2383700,6.640626
2001-12-18,7.25,8.25,7.25,8.2,4490500,7.469565
2001-12-19,8.05,8.28,7.76,7.81,2848800,7.114305
2001-12-20,7.82,8.19,7.7,8.16,2495400,7.433128
2001-12-21,8.16,8.55,8.15,8.35,2173900,7.606204
2001-12-24,8.25,8.49,8.1,8.49,1298100,7.733733
2001-12-26,8.59,8.81,8.43,8.69,1740400,7.915917
2001-12-27,8.79,9.06,8.79,9.01,2111800,8.207413
2001-12-28,9.08,9.46,9.01,9.35,1736400,8.517127
2001-12-31,9.35,9.5,9.13,9.47,1914600,8.626437
2002-01-02,9.57,9.99,9.47,9.99,1829000,9.100116
2002-01-03,9.99,10.3,9.85,10.22,2348500,9.309629
2002-01-04,10.22,10.4,9.71,9.79,2820800,8.917932
2002-01-07,9.95,10.0,9.65,9.67,1840100,8.808621
2002-01-08,9.79,9.8,8.87,8.96,3273400,8.161866
2002-01-09,9.02,9.28,8.75,8.75,2818100,7.970573
2002-01-10,8.85,8.9,8.2,8.25,3740100,7.515111
2002-01-11,8.45,8.49,8.35,8.41,2342400,7.660859
2002-01-14,8.41,8.41,7.85,7.85,2640100,7.150742
2002-01-15,7.9,8.0,7.5,7.68,1924700,6.995885
2002-01-16,7.69,7.69,6.89,6.98,3793100,6.35824
2002-01-17,6.98,7.0,6.0,6.39,7950900,5.820795
2002-01-18,6.47,6.47,5.91,5.91,3897600,5.383552
2002-01-22,6.1,6.15,4.9,5.39,11369600,4.909873
2002-01-23,5.55,5.75,4.96,5.7,6757100,5.192259
2002-01-24,6.0,6.4,5.9,6.16,6703300,5.611283
2002-01-25,6.25,6.31,5.6,5.82,4867500,5.30157
2002-01-28,5.9,5.94,5.55,5.61,2012000,5.110276
2002-01-29,5.56,5.56,4.34,4.8,10680200,4.372429
2002-01-30,4.81,4.9,4.5,4.85,4118200,4.417974
2002-01-31,5.05,5.4,4.96,5.16,2440100,4.70036
2002-02-01,4.85,5.36,4.85,5.1,1485200,4.645705
2002-02-04,5.1,5.1,4.68,4.77,1674700,4.345101
2002-02-05,4.6,4.6,3.72,4.3,3991600,3.916967
2002-02-06,4.33,4.4,3.91,3.95,2634900,3.598144
2002-02-07,4.0,4.2,3.82,4.16,2994800,3.789438
2002-02-08,4.17,4.2,3.87,4.0,1689700,3.64369
2002-02-11,4.05,4.72,4.04,4.52,1476300,4.11737
2002-02-12,4.75,5.24,4.6,5.01,3082900,4.563722
2002-02-13,5.0,5.26,4.95,5.15,1829600,4.691251
2002-02-14,5.15,5.19,4.12,4.6,3235500,4.190244
2002-02-15,4.0,4.48,4.0,4.41,1984000,4.017168
2002-02-19,4.4,4.5,3.99,4.1,1048000,3.734783
2002-02-20,4.1,4.25,3.9,4.2,1565100,3.825875
2002-02-21,4.2,4.23,3.93,4.0,1116100,3.64369
2002-02-22,4.01,4.1,3.76,3.85,934000,3.507052
2002-02-25,3.95,4.1,3.5,3.7,3121200,3.370414
2002-02-26,3.95,4.33,3.9,4.27,2884100,3.889639
2002-02-27,4.0,4.85,4.0,4.5,3461400,4.099152
2002-02-28,4.6,5.05,4.6,4.84,1829500,4.408865
2002-03-01,4.9,5.74,4.9,5.51,3187400,5.019184
2002-03-04,5.99,6.1,5.59,5.89,2632100,5.365334
2002-03-05,5.89,6.1,5.65,6.05,2668000,5.511082
2002-03-06,6.02,7.0,5.94,7.0,4546500,6.376458
2002-03-07,7.5,7.55,6.62,6.62,3266000,6.030307
2002-03-08,6.65,6.96,6.64,6.88,2861500,6.267148
2002-03-11,6.88,6.91,6.51,6.82,1265100,6.212492
2002-03-12,6.45,6.51,5.85,5.98,3195500,5.447317
2002-03-13,5.98,5.98,5.44,5.88,2044200,5.356225
2002-03-14,5.88,5.98,5.6,5.88,1770300,5.356225
2002-03-15,5.88,5.9,5.46,5.67,2119400,5.164931
2002-03-18,5.67,6.19,5.67,5.87,1217300,5.347115
2002-03-19,5.9,5.9,5.51,5.57,2465500,5.073839
2002-03-20,5.51,5.54,5.1,5.47,3024000,4.982746
2002-03-21,5.47,5.74,5.44,5.46,2290900,4.973637
2002-03-22,5.5,5.61,5.3,5.5,1485900,5.010074
2002-03-25,5.45,5.55,5.34,5.35,1242300,4.873436
2002-03-26,5.36,5.6,5.3,5.59,805300,5.092057
2002-03-27,5.57,5.57,5.22,5.35,2505500,4.873436
2002-03-28,5.38,5.6,5.37,5.5,986500,5.010074
2002-04-01,5.41,5.45,5.15,5.31,969700,4.836999
2002-04-02,5.25,5.51,5.17,5.27,890500,4.800562
2002-04-03,5.25,5.26,4.55,4.55,1759300,4.144698
2002-04-04,4.56,4.65,4.45,4.45,1891500,4.053605
2002-04-05,4.5,4.8,4.2,4.27,1998800,3.889639
2002-04-08,4.27,4.27,3.96,4.11,2449700,3.743892
2002-04-09,4.25,4.38,4.15,4.32,2426500,3.935186
2002-04-10,4.32,4.4,4.06,4.14,1029700,3.771219
2002-04-11,4.1,4.12,3.94,3.99,1410400,3.634581
2002-04-12,4.0,4.65,3.9,4.52,2793800,4.11737
2002-04-15,4.55,4.68,4.31,4.39,955800,3.99895
2002-04-16,4.89,5.24,4.7,5.0,2999900,4.554613
2002-04-17,5.1,5.65,5.1,5.45,2386300,4.964528
2002-04-18,5.4,5.57,5.15,5.45,1191900,4.964528
2002-04-19,5.45,5.65,5.28,5.36,1375100,4.882545
2002-04-22,5.07,5.08,4.7,4.78,2076700,4.35421
2002-04-23,4.78,5.15,4.76,5.11,807200,4.654815
2002-04-24,5.11,5.29,4.95,5.0,898300,4.554613
2002-04-25,5.0,5.0,4.71,4.8,1596200,4.372429
2002-04-26,4.84,5.0,4.68,4.85,604200,4.417974
2002-04-29,4.85,4.98,4.64,4.68,521600,4.263118
2002-04-30,4.7,5.16,4.7,4.99,1359400,4.545504
2002-05-01,5.05,5.65,4.99,5.4,1546600,4.918982
2002-05-02,5.35,5.35,4.72,4.8,3531200,4.372429
2002-05-03,4.81,5.05,4.79,4.82,1330000,4.390647
2002-05-06,4.81,4.98,4.8,4.88,483300,4.445302
2002-05-07,4.88,4.94,4.4,4.7,691300,4.281336
2002-05-08,4.85,4.98,4.78,4.85,703000,4.417974
2002-05-09,4.85,4.9,4.31,4.4,1234800,4.008059
2002-05-10,4.41,4.41,3.86,4.09,3070400,3.725674
2002-05-13,4.09,4.25,3.99,4.1,1084100,3.734783
2002-05-14,4.3,4.45,4.05,4.08,1417900,3.716564
2002-05-15,4.12,4.12,3.95,3.98,1619400,3.625472
2002-05-16,3.9,3.94,3.72,3.84,2480300,3.497943
2002-05-17,3.87,4.02,3.84,3.93,1196400,3.579926
2002-05-20,3.95,4.04,3.94,4.0,979100,3.64369
2002-05-21,4.0,4.12,3.85,3.87,879400,3.52527
2002-05-22,3.81,3.85,3.7,3.8,1297500,3.461506
2002-05-23,3.85,4.1,3.85,3.98,1981700,3.625472
2002-05-24,4.08,4.1,3.91,4.05,1125200,3.689237
2002-05-28,4.05,4.1,3.9,3.98,2045600,3.625472
2002-05-29,3.9,3.93,3.65,3.67,1257800,3.343086
2002-05-30,3.65,3.89,3.6,3.69,1873800,3.361304
2002-05-31,3.85,3.9,3.7,3.8,1368700,3.461506
2002-06-03,3.8,3.87,3.71,3.85,2013800,3.507052
2002-06-04,3.85,3.91,3.75,3.9,1864900,3.552598
2002-06-05,3.9,3.9,3.73,3.8,1817900,3.461506
2002-06-06,3.8,3.89,3.29,3.8,2578600,3.461506
2002-06-07,3.55,3.8,3.49,3.74,1556900,3.40685
2002-06-10,3.74,3.79,3.54,3.66,1113000,3.333977
2002-06-11,3.71,3.8,3.65,3.69,919400,3.361304
2002-06-12,3.6,3.65,3.5,3.58,1174500,3.261103
2002-06-13,3.52,3.58,3.35,3.4,975000,3.097137
2002-06-14,2.9,3.19,2.7,3.15,2576100,2.869406
2002-06-17,3.2,3.6,3.06,3.53,1049500,3.215557
2002-06-18,3.6,3.68,3.45,3.51,1156500,3.197338
2002-06-19,3.47,3.5,3.38,3.4,776800,3.097137
2002-06-20,3.3,3.64,3.26,3.57,1827600,3.251994
2002-06-21,3.65,3.75,3.4,3.5,1529100,3.188229
2002-06-24,3.25,3.55,3.01,3.12,2152500,2.842078
2002-06-25,3.35,3.4,3.02,3.28,2257400,2.987826
2002-06-26,3.19,3.19,2.8,2.9,2119600,2.641676
2002-06-27,3.0,3.65,2.9,3.5,1648000,3.188229
2002-06-28,3.5,3.61,3.13,3.45,4009400,3.142683
2002-07-01,3.55,3.55,3.0,3.08,964500,2.805641
2002-07-02,2.93,2.97,2.54,2.61,2646600,2.377508
2002-07-03,2.55,2.72,2.52,2.61,1097600,2.377508
2002-07-05,2.71,2.77,2.68,2.73,333200,2.486819
2002-07-08,2.75,2.89,2.75,2.82,797600,2.568802
2002-07-09,2.85,2.86,2.6,2.62,716300,2.386617
2002-07-10,2.74,2.79,2.52,2.58,533400,2.35018
2002-07-11,2.33,2.44,2.06,2.19,2741600,1.994921
2002-07-12,2.2,2.4,2.19,2.21,1907700,2.013139
2002-07-15,2.3,2.3,2.02,2.2,887500,2.00403
2002-07-16,2.2,2.8,2.2,2.75,1451500,2.505037
2002-07-17,2.85,3.2,2.56,2.85,1286600,2.596129
2002-07-18,2.9,2.94,2.48,2.48,1168900,2.259088
2002-07-19,2.55,2.61,2.35,2.5,1565800,2.277306
2002-07-22,2.55,2.83,2.54,2.69,1363700,2.450382
2002-07-23,2.65,2.7,2.12,2.19,1467700,1.994921
2002-07-24,2.2,2.6,2.19,2.6,3532100,2.368399
2002-07-25,2.6,2.6,2.25,2.3,2050800,2.095122
2002-07-26,2.27,2.34,2.19,2.31,776700,2.104231
2002-07-29,2.3,2.5,2.21,2.26,852800,2.058685
2002-07-30,2.25,2.28,2.12,2.24,946500,2.040467
2002-07-31,2.27,2.33,2.2,2.24,424900,2.040467
2002-08-01,2.24,2.3,2.21,2.27,299000,2.067794
2002-08-02,2.25,2.31,2.18,2.2,971400,2.00403
2002-08-05,2.2,2.25,2.16,2.24,578100,2.040467
2002-08-06,2.26,2.4,2.21,2.24,786600,2.040467
2002-08-07,2.15,2.15,1.55,1.6,5041000,1.457476
2002-08-08,1.8,1.85,1.39,1.5,5271700,1.366384
2002-08-09,1.58,1.58,1.3,1.5,1998700,1.366384
2002-08-12,1.5,1.6,1.1,1.25,1641200,1.138653
2002-08-13,1.28,1.52,1.2,1.43,3509600,1.302619
2002-08-14,1.4,1.6,1.31,1.41,2387800,1.284401
2002-08-15,1.48,1.55,1.4,1.46,1467300,1.329947
2002-08-16,1.5,1.6,1.48,1.59,1453600,1.448367
2002-08-19,1.75,1.99,1.65,1.9,2644000,1.730753
2002-08-20,1.88,1.92,1.77,1.86,1852100,1.694316
2002-08-21,1.86,2.1,1.8,2.08,1417300,1.894719
2002-08-22,2.08,2.25,2.03,2.2,1215800,2.00403
2002-08-23,2.25,2.3,2.12,2.17,859900,1.976702
2002-08-26,2.18,2.35,2.11,2.33,598600,2.12245
2002-08-27,2.45,2.45,2.26,2.32,676400,2.11334
2002-08-28,2.15,2.3,2.04,2.3,750300,2.095122
2002-08-29,2.3,2.37,2.16,2.36,828300,2.149777
2002-08-30,2.37,2.47,2.3,2.46,1125400,2.24087
2002-09-03,2.37,2.46,2.2,2.46,732600,2.24087
2002-09-04,2.46,2.49,2.24,2.31,1516300,2.104231
2002-09-05,2.25,2.35,2.2,2.3,976800,2.095122
2002-09-06,2.38,2.38,2.22,2.3,794500,2.095122
2002-09-09,2.28,2.41,2.25,2.38,460000,2.167996
2002-09-10,2.35,2.4,2.2,2.34,875000,2.131559
2002-09-11,2.4,2.45,2.28,2.34,304800,2.131559
2002-09-12,2.34,2.43,2.3,2.32,388100,2.11334
2002-09-13,2.31,2.39,2.25,2.25,619800,2.049576
2002-09-16,2.22,2.29,2.22,2.25,320200,2.049576
2002-09-17,2.4,2.4,2.06,2.1,649100,1.912937
2002-09-18,2.1,2.1,1.9,1.99,1162900,1.812736
2002-09-19,1.95,1.95,1.88,1.95,389800,1.776299
2002-09-20,2.0,2.05,1.9,1.95,875600,1.776299
2002-09-23,1.92,1.98,1.75,1.82,764500,1.657879
2002-09-24,1.65,1.75,1.6,1.68,514800,1.53035
2002-09-25,1.67,1.7,1.6,1.7,329700,1.548568
2002-09-26,1.66,1.95,1.66,1.8,551000,1.639661
2002-09-27,1.75,1.94,1.75,1.8,560900,1.639661
2002-09-30,1.79,1.79,1.55,1.59,592100,1.448367
2002-10-01,1.63,1.66,1.51,1.62,830100,1.475695
2002-10-02,1.55,1.55,1.38,1.42,1068000,1.29351
2002-10-03,1.36,1.4,1.26,1.28,1054500,1.165981
2002-10-04,1.28,1.28,1.03,1.07,3431400,0.974687
2002-10-07,1.07,1.09,0.95,0.95,1579100,0.865376
2002-10-08,0.98,0.99,0.65,0.75,10558900,0.683192
2002-10-09,0.82,0.92,0.64,0.71,4023600,0.646755
2002-10-10,0.71,0.78,0.67,0.73,4629200,0.664974
2002-10-11,0.75,0.8,0.73,0.75,1771200,0.683192
2002-10-14,0.72,0.85,0.7,0.85,521300,0.774284
2002-10-15,1.05,1.1,0.89,0.94,1522800,0.856267
2002-10-16,0.95,0.95,0.8,0.8,869600,0.728738
2002-10-17,0.88,0.89,0.76,0.79,931100,0.719629
2002-10-18,0.8,0.8,0.63,0.76,3212600,0.692301
2002-10-21,0.77,0.8,0.75,0.75,2022200,0.683192
2002-10-22,0.69,0.77,0.6,0.73,2493900,0.664974
2002-10-23,0.75,0.95,0.75,0.93,4259800,0.847158
2002-10-24,1.05,1.41,1.02,1.15,4881900,1.047561
2002-10-25,1.2,1.31,1.18,1.2,1290900,1.093107
2002-10-28,1.35,1.45,1.2,1.2,1952500,1.093107
2002-10-29,1.19,1.3,1.14,1.21,1005600,1.102216
2002-10-30,1.21,1.34,1.21,1.29,949200,1.17509
2002-10-31,1.3,1.45,1.3,1.41,1509900,1.284401
2002-11-01,1.41,1.58,1.37,1.51,1522300,1.375493
2002-11-04,1.85,1.9,1.61,1.75,2936000,1.594115
2002-11-05,1.7,1.73,1.4,1.55,1052100,1.41193
2002-11-06,1.65,1.8,1.61,1.67,1402700,1.521241
2002-11-07,1.65,1.69,1.48,1.67,983300,1.521241
2002-11-08,1.65,1.68,1.32,1.51,1798000,1.375493
2002-11-11,1.5,1.6,1.45,1.5,627000,1.366384
2002-11-12,1.55,1.6,1.33,1.35,1367800,1.229746
2002-11-13,1.35,1.39,1.25,1.27,1069600,1.156872
2002-11-14,1.33,1.55,1.26,1.55,1899800,1.41193
2002-11-15,1.45,1.62,1.36,1.5,1566700,1.366384
2002-11-18,1.51,2.05,1.51,2.02,2723300,1.840064
2002-11-19,2.07,2.47,2.02,2.3,5737500,2.095122
2002-11-20,2.27,2.38,2.16,2.32,4236900,2.11334
2002-11-21,2.41,2.9,2.35,2.9,2923800,2.641676
2002-11-22,3.15,3.75,3.1,3.55,9843300,3.233775
2002-11-25,3.8,3.89,3.55,3.82,3332200,3.479724
2002-11-26,3.8,3.81,3.6,3.7,2156900,3.370414
2002-11-27,3.9,4.08,3.85,3.93,2438000,3.579926
2002-11-29,3.95,4.1,3.89,3.89,943300,3.543489
2002-12-02,4.1,4.29,3.92,4.1,2070900,3.734783
2002-12-03,3.85,3.96,3.5,3.82,1742900,3.479724
2002-12-04,3.54,3.59,3.25,3.5,1873300,3.188229
2002-12-05,3.52,3.52,3.07,3.14,1701100,2.860297
2002-12-06,2.85,3.49,2.85,3.49,1654100,3.17912
2002-12-09,3.39,3.39,2.91,3.04,1513200,2.769205
2002-12-10,3.01,3.35,3.01,3.26,997600,2.969608
2002-12-11,3.27,3.6,3.27,3.6,1142300,3.279321
2002-12-12,3.65,3.96,3.55,3.89,1679800,3.543489
2002-12-13,3.9,3.98,3.58,3.95,1337600,3.598144
2002-12-16,3.95,3.97,3.66,3.94,1241600,3.589035
2002-12-17,3.92,4.23,3.74,4.0,1269200,3.64369
2002-12-18,3.99,3.99,3.8,3.83,596200,3.488833
2002-12-19,3.73,3.97,3.7,3.75,643200,3.41596
2002-12-20,3.94,3.94,3.8,3.9,915000,3.552598
2002-12-23,3.8,3.91,3.65,3.7,795500,3.370414
2002-12-24,3.55,3.67,3.51,3.63,446000,3.306649
2002-12-26,3.63,3.74,3.35,3.41,1073400,3.106246
2002-12-27,3.45,3.5,3.2,3.32,938600,3.024263
2002-12-30,3.33,3.5,3.11,3.2,927100,2.914952
2002-12-31,3.16,3.68,3.16,3.53,1174600,3.215557
2003-01-02,3.63,3.85,3.55,3.85,716000,3.507052
2003-01-03,3.8,3.84,3.66,3.69,554300,3.361304
2003-01-06,3.75,3.98,3.7,3.89,1629000,3.543489
2003-01-07,4.0,4.02,3.82,3.85,1157300,3.507052
2003-01-08,3.8,3.85,3.67,3.78,696800,3.443287
2003-01-09,3.85,3.99,3.85,3.9,659100,3.552598
2003-01-10,3.88,4.29,3.8,4.08,1677500,3.716564
2003-01-13,4.2,4.37,4.0,4.23,1143200,3.853203
2003-01-14,4.33,4.83,4.3,4.83,2809200,4.399756
2003-01-15,4.98,5.04,4.68,5.0,3722000,4.554613
2003-01-16,4.95,5.24,4.85,5.16,2576700,4.70036
2003-01-17,4.98,4.98,4.45,4.46,1914900,4.062715
2003-01-21,4.5,4.7,4.22,4.5,3727700,4.099152
2003-01-22,4.5,4.72,4.31,4.62,1571300,4.208462
2003-01-23,4.65,4.98,4.65,4.85,2342500,4.417974
2003-01-24,4.85,4.89,4.65,4.74,1406600,4.317773
2003-01-27,4.68,4.69,4.45,4.57,2665500,4.162916
2003-01-28,4.95,5.03,4.7,4.95,3665400,4.509067
2003-01-29,4.93,5.24,4.75,5.22,2379200,4.755016
2003-01-30,5.3,5.45,5.12,5.25,3112400,4.782344
2003-01-31,5.2,5.2,4.86,5.08,1907600,4.627487
2003-02-03,5.1,5.19,4.86,4.94,1551800,4.499958
2003-02-04,4.86,4.9,4.64,4.9,2161500,4.463521
2003-02-05,4.91,4.99,4.65,4.78,658300,4.35421
2003-02-06,4.78,4.9,4.65,4.77,727500,4.345101
2003-02-07,4.88,4.95,4.7,4.76,896300,4.335992
2003-02-10,4.77,4.8,4.5,4.64,1186500,4.226681
2003-02-11,4.66,4.67,4.53,4.62,1930400,4.208462
2003-02-12,4.52,4.65,4.45,4.51,1956500,4.108261
2003-02-13,4.45,4.62,4.36,4.61,1048100,4.199353
2003-02-14,4.51,4.81,4.5,4.69,1615500,4.272227
2003-02-18,4.74,4.95,4.7,4.88,1073700,4.445302
2003-02-19,4.75,4.86,4.68,4.72,811100,4.299554
2003-02-20,4.75,4.87,4.7,4.78,554000,4.35421
2003-02-21,4.78,4.94,4.72,4.94,865900,4.499958
2003-02-24,5.0,5.05,4.6,4.65,2204700,4.23579
2003-02-25,4.65,4.75,4.52,4.71,1693700,4.290445
2003-02-26,4.72,4.74,4.64,4.7,724500,4.281336
2003-02-27,4.67,4.85,4.67,4.8,1127400,4.372429
2003-02-28,4.77,4.87,4.65,4.69,2276900,4.272227
2003-03-03,4.75,4.95,4.7,4.83,1198700,4.399756
2003-03-04,4.84,5.0,4.75,4.89,1906600,4.454411
2003-03-05,4.85,5.1,4.85,5.08,1936500,4.627487
2003-03-06,5.02,5.18,4.99,5.11,2031400,4.654815
2003-03-07,5.08,5.11,4.95,4.99,1800500,4.545504
2003-03-10,4.92,4.98,4.89,4.93,641300,4.490848
2003-03-11,5.0,5.0,4.89,4.95,571500,4.509067
2003-03-12,4.9,4.93,4.76,4.87,1474900,4.436193
2003-03-13,4.95,5.1,4.9,5.09,2322000,4.636596
2003-03-14,5.13,5.15,5.02,5.06,1718900,4.609268
2003-03-17,5.03,5.49,5.0,5.49,2294900,5.000965
2003-03-18,5.54,5.74,5.5,5.69,2119900,5.18315
2003-03-19,5.69,5.69,5.5,5.69,1000600,5.18315
2003-03-20,5.6,5.69,5.5,5.68,584200,5.17404
2003-03-21,5.68,5.94,5.59,5.94,1536300,5.41088
2003-03-24,5.8,5.81,5.6,5.6,1775500,5.101166
2003-03-25,5.4,5.64,5.35,5.62,1729300,5.119385
2003-03-26,5.53,5.7,5.36,5.36,839400,4.882545
2003-03-27,5.3,5.5,5.25,5.47,664500,4.982746
2003-03-28,5.42,5.45,5.33,5.35,522700,4.873436
2003-03-31,5.28,5.6,5.25,5.52,1290600,5.028293
2003-04-01,5.52,5.55,5.41,5.51,807300,5.019184
2003-04-02,5.6,5.78,5.56,5.74,1085800,5.228695
2003-04-03,5.84,6.18,5.8,6.03,2847900,5.492863
2003-04-04,6.05,6.16,5.9,5.99,1330900,5.456426
2003-04-07,6.15,6.29,6.05,6.12,2021100,5.574846
2003-04-08,6.18,6.24,6.0,6.15,1063800,5.602174
2003-04-09,6.12,6.27,6.1,6.16,1386700,5.611283
2003-04-10,6.2,6.3,6.15,6.2,968500,5.64772
2003-04-11,6.24,6.48,6.24,6.35,2834700,5.784358
2003-04-14,6.4,6.56,6.35,6.48,951200,5.902778
2003-04-15,6.46,6.8,6.46,6.66,1212300,6.066744
2003-04-16,6.72,6.75,6.0,6.05,2548100,5.511082
2003-04-17,6.08,6.59,6.08,6.54,1608200,5.957434
2003-04-21,6.54,6.54,6.35,6.45,697200,5.875451
2003-04-22,6.45,6.5,6.34,6.46,1306400,5.88456
2003-04-23,6.45,6.64,6.44,6.61,1197300,6.021198
2003-04-24,6.62,6.64,6.53,6.54,819600,5.957434
2003-04-25,6.54,6.55,6.32,6.44,926900,5.866342
2003-04-28,6.47,6.64,6.3,6.5,958900,5.920997
2003-04-29,6.5,6.73,6.05,6.11,2384700,5.565737
2003-04-30,5.95,6.64,5.8,6.64,5164400,6.048526
2003-05-01,6.94,6.94,6.64,6.82,2970000,6.212492
2003-05-02,6.82,7.4,6.8,7.34,4745000,6.686172
2003-05-05,7.54,7.85,7.54,7.8,3095700,7.105196
2003-05-06,7.75,7.96,7.41,7.49,2289700,6.82281
2003-05-07,7.44,7.44,7.0,7.24,1129500,6.595079
2003-05-08,7.24,7.24,6.92,7.0,804700,6.376458
2003-05-09,7.0,7.5,7.0,7.5,978200,6.831919
2003-05-12,7.45,7.71,7.42,7.68,1056200,6.995885
2003-05-13,7.65,7.65,7.49,7.56,1124200,6.886575
2003-05-14,7.58,7.74,7.58,7.65,848300,6.968558
2003-05-15,7.7,7.77,7.35,7.58,763300,6.904793
2003-05-16,7.51,7.8,7.5,7.66,1150300,6.977667
2003-05-19,7.9,8.4,7.88,8.3,3587900,7.560658
2003-05-20,8.46,8.94,8.36,8.38,3343000,7.633531
2003-05-21,8.45,8.48,7.75,8.05,1915300,7.332927
2003-05-22,8.05,8.34,8.05,8.27,1320100,7.53333
2003-05-23,8.38,8.53,8.12,8.5,650600,7.742842
2003-05-27,8.5,9.06,8.4,9.06,2605000,8.252959
2003-05-28,9.1,9.5,9.1,9.25,2943300,8.426034
2003-05-29,9.25,9.9,9.25,9.49,3658900,8.644655
2003-05-30,9.56,9.76,8.85,8.96,2571300,8.161866
2003-06-02,9.15,9.35,9.05,9.25,1367000,8.426034
2003-06-03,9.26,9.4,8.7,8.74,1898900,7.961463
2003-06-04,8.65,9.14,8.51,8.95,1665300,8.152757
2003-06-05,8.85,9.14,8.5,9.07,1330600,8.262068
2003-06-06,9.21,9.35,8.5,8.7,1225400,7.925026
2003-06-09,8.7,8.7,7.89,8.06,2105300,7.342036
2003-06-10,8.27,8.38,8.1,8.19,1329900,7.460456
2003-06-11,8.1,8.8,7.77,8.77,1685100,7.988792
2003-06-12,8.85,9.1,8.52,8.57,737900,7.806606
2003-06-13,8.7,8.79,8.25,8.45,1056100,7.697296
2003-06-16,8.45,8.5,8.16,8.25,703600,7.515111
2003-06-17,8.26,8.66,8.2,8.57,768000,7.806606
2003-06-18,8.5,9.04,8.5,8.9,1348100,8.107211
2003-06-19,8.9,9.02,8.7,8.81,1871600,8.025228
2003-06-20,8.85,8.93,8.47,8.62,1475400,7.852153
2003-06-23,8.6,8.62,8.06,8.2,1621400,7.469565
2003-06-24,8.2,8.4,8.19,8.25,1396600,7.515111
2003-06-25,8.26,8.6,8.25,8.31,986500,7.569767
2003-06-26,8.35,8.75,8.3,8.68,1231500,7.906808
2003-06-27,8.68,8.99,8.6,8.91,1343500,8.11632
2003-06-30,8.96,9.16,8.79,8.85,3564600,8.061665
2003-07-01,8.8,9.05,8.73,8.96,1247900,8.161866
2003-07-02,9.05,9.58,9.01,9.58,1593200,8.726638
2003-07-03,9.29,9.75,9.22,9.54,671800,8.690201
2003-07-07,9.4,9.89,9.4,9.76,1316300,8.890605
2003-07-08,9.7,10.17,9.7,10.08,1655700,9.1821
2003-07-09,9.98,10.32,9.85,10.07,1824200,9.17299
2003-07-10,10.0,10.05,9.6,9.77,1682300,8.899714
2003-07-11,9.77,9.8,9.45,9.55,1369800,8.699311
2003-07-14,9.6,9.99,9.6,9.9,704300,9.018133
2003-07-15,10.0,10.05,9.75,9.98,997700,9.091007
2003-07-16,10.0,10.09,9.7,9.98,644700,9.091007
2003-07-17,9.8,9.8,9.26,9.48,1435100,8.635546
2003-07-18,9.28,9.48,9.02,9.18,1137500,8.36227
2003-07-21,9.13,9.5,8.75,9.4,842200,8.562672
2003-07-22,9.4,9.45,9.2,9.37,958500,8.535345
2003-07-23,9.2,9.66,9.2,9.55,1233500,8.699311
2003-07-24,9.6,9.77,9.31,9.56,1285900,8.70842
2003-07-25,9.71,9.75,9.62,9.65,906300,8.790403
2003-07-28,9.65,9.87,9.63,9.85,878600,8.972588
2003-07-29,9.3,9.5,8.75,8.89,10006600,8.098102
2003-07-30,9.05,9.14,9.0,9.08,11259300,8.271177
2003-07-31,9.1,9.19,8.9,9.1,2948100,8.289396
2003-08-01,9.1,9.35,9.06,9.25,2293400,8.426034
2003-08-04,9.2,9.41,9.05,9.19,1332700,8.371378
2003-08-05,9.15,9.37,9.15,9.25,1873100,8.426034
2003-08-06,9.26,9.39,9.11,9.35,1933800,8.517127
2003-08-07,9.3,9.35,9.0,9.3,1364600,8.47158
2003-08-08,9.25,9.4,9.19,9.33,2376600,8.498908
2003-08-11,9.28,9.48,9.1,9.4,994300,8.562672
2003-08-12,9.45,9.8,9.31,9.8,2446500,8.927042
2003-08-13,9.78,10.38,9.75,10.25,3501700,9.336957
2003-08-14,10.2,10.2,9.8,9.93,1526100,9.045462
2003-08-15,9.9,10.06,9.9,9.98,421500,9.091007
2003-08-18,10.08,10.72,10.07,10.71,2345600,9.755981
2003-08-19,10.6,10.85,10.5,10.7,1310500,9.746872
2003-08-20,10.35,10.97,10.32,10.7,1213700,9.746872
2003-08-21,10.7,10.82,10.5,10.82,1471900,9.856182
2003-08-22,10.85,11.0,10.83,10.9,912800,9.929056
2003-08-25,10.75,10.82,10.52,10.65,831000,9.701325
2003-08-26,10.55,10.8,10.36,10.72,951900,9.76509
2003-08-27,10.75,10.98,10.6,10.86,1528900,9.892619
2003-08-28,10.9,11.32,10.86,11.2,2020800,10.202333
2003-08-29,11.2,11.38,11.05,11.38,604900,10.366299
2003-09-02,11.38,11.5,11.07,11.48,1285200,10.457391
2003-09-03,11.45,11.71,11.27,11.49,3118100,10.4665
2003-09-04,11.41,11.74,11.37,11.48,1827300,10.457391
2003-09-05,11.46,11.47,10.95,11.27,1558500,10.266098
2003-09-08,11.2,11.32,11.08,11.25,1035500,10.247879
2003-09-09,11.15,11.15,10.84,10.95,1168200,9.974602
2003-09-10,10.96,10.98,10.55,10.68,1780000,9.728654
2003-09-11,10.68,10.85,10.35,10.63,1314700,9.683107
2003-09-12,10.62,11.0,10.55,10.75,1193300,9.792418
2003-09-15,10.75,10.87,10.56,10.65,1424300,9.701325
2003-09-16,10.74,10.84,10.56,10.58,794900,9.637561
2003-09-17,10.54,10.74,10.43,10.55,971500,9.610233
2003-09-18,10.52,10.55,10.26,10.42,1500000,9.491813
2003-09-19,10.42,10.43,10.2,10.43,1137200,9.500923
2003-09-22,10.33,10.35,10.11,10.32,1499100,9.400721
2003-09-23,10.38,10.9,10.38,10.89,2320600,9.919947
2003-09-24,10.99,11.05,10.37,10.42,2208700,9.491813
2003-09-25,10.33,10.45,9.75,10.06,1962300,9.163882
2003-09-26,10.06,10.4,9.75,9.85,2380500,8.972588
2003-09-29,9.75,9.95,9.5,9.8,2033700,8.927042
2003-09-30,9.8,10.15,9.56,10.15,1420200,9.245864
2003-10-01,10.0,10.11,9.87,9.94,1644800,9.05457
2003-10-02,9.82,10.3,9.59,10.28,3782300,9.364284
2003-10-03,10.39,10.55,10.15,10.48,2231200,9.546468
2003-10-06,10.5,10.94,10.48,10.94,1159100,9.965493
2003-10-07,10.75,10.9,10.65,10.89,898500,9.919947
2003-10-08,10.99,11.07,10.75,11.03,1852400,10.047476
2003-10-09,11.05,11.26,10.92,11.1,1866100,10.111241
2003-10-10,11.1,11.22,10.94,11.15,653300,10.156786
2003-10-13,11.23,11.24,11.04,11.07,1076800,10.083913
2003-10-14,11.07,11.19,11.07,11.07,2186600,10.083913
2003-10-15,11.1,11.14,10.96,11.0,2814300,10.020148
2003-10-16,10.98,11.14,10.95,11.03,1355600,10.047476
2003-10-17,11.01,11.16,10.95,11.04,2569700,10.056585
2003-10-20,11.0,11.07,10.79,10.82,1418400,9.856182
2003-10-21,10.9,11.18,10.89,11.11,2649600,10.12035
2003-10-22,11.11,11.25,10.9,11.0,1844800,10.020148
2003-10-23,10.9,10.9,10.55,10.58,2379200,9.637561
2003-10-24,10.57,10.68,10.41,10.62,996400,9.673998
2003-10-27,10.62,10.92,10.62,10.9,762200,9.929056
2003-10-28,10.95,11.23,10.85,11.19,1220500,10.193223
2003-10-29,11.25,12.0,11.2,11.99,3952100,10.921962
2003-10-30,11.5,12.0,11.45,11.67,4827700,10.630467
2003-10-31,11.5,11.81,11.45,11.6,1210000,10.566702
2003-11-03,11.6,12.0,11.6,12.0,1348000,10.931071
2003-11-04,12.0,12.0,11.4,11.54,1680800,10.512047
2003-11-05,11.64,11.64,11.31,11.57,1149800,10.539374
2003-11-06,11.7,11.7,11.28,11.41,897400,10.393627
2003-11-07,11.4,11.72,11.35,11.56,719100,10.530265
2003-11-10,11.56,11.68,11.23,11.29,1299600,10.284316
2003-11-11,11.23,11.24,10.8,10.95,1291600,9.974602
2003-11-12,10.94,11.35,10.88,11.2,1888400,10.202333
2003-11-13,11.45,11.9,11.26,11.54,2203600,10.512047
2003-11-14,11.44,11.47,10.63,10.65,2411900,9.701325
2003-11-17,10.6,10.71,10.35,10.5,1275800,9.564687
2003-11-18,10.75,10.98,10.7,10.82,1285100,9.856182
2003-11-19,10.55,10.75,10.35,10.41,1718400,9.482704
2003-11-20,10.32,10.69,10.26,10.62,1572500,9.673998
2003-11-21,10.55,10.68,10.43,10.62,1695700,9.673998
2003-11-24,10.62,11.09,10.62,10.95,1909300,9.974602
2003-11-25,11.0,11.1,10.74,10.9,827300,9.929056
2003-11-26,11.09,11.2,10.95,11.2,1220900,10.202333
2003-11-28,11.2,11.38,11.11,11.38,241300,10.366299
2003-12-01,11.5,11.6,11.21,11.45,1928300,10.430063
2003-12-02,11.35,11.45,11.25,11.36,1347800,10.34808
2003-12-03,11.35,11.44,11.18,11.19,1404200,10.193223
2003-12-04,11.1,11.25,10.76,10.91,1731700,9.938165
2003-12-05,10.76,11.0,10.75,10.93,888200,9.956384
2003-12-08,10.7,10.95,10.7,10.86,1271900,9.892619
2003-12-09,10.94,11.1,10.87,10.95,1638400,9.974602
2003-12-10,10.9,10.9,10.56,10.67,943000,9.719544
2003-12-11,10.67,11.11,10.67,11.02,735600,10.038367
2003-12-12,10.95,11.15,10.82,10.96,798800,9.983712
2003-12-15,10.99,11.0,10.47,10.51,1866200,9.573797
2003-12-16,10.32,10.5,10.27,10.44,1303400,9.510031
2003-12-17,10.35,10.43,10.05,10.2,1827100,9.29141
2003-12-18,10.23,10.5,10.16,10.29,2571200,9.373393
2003-12-19,10.25,10.39,9.95,10.27,2990600,9.355175
2003-12-22,10.27,10.68,10.25,10.68,1451100,9.728654
2003-12-23,10.58,10.7,10.35,10.7,1006800,9.746872
2003-12-24,10.6,10.68,10.51,10.6,338400,9.65578
2003-12-26,10.63,10.75,10.0,10.75,199100,9.792418
2003-12-29,10.8,10.85,10.49,10.6,1148700,9.65578
2003-12-30,10.6,10.8,10.5,10.7,943900,9.746872
2003-12-31,10.6,10.86,10.52,10.82,1305000,9.856182
2004-01-02,10.85,11.05,10.8,10.97,1413200,9.992821
2004-01-05,11.05,11.3,10.95,11.23,1963200,10.22966
2004-01-06,11.23,11.48,11.16,11.48,2076800,10.457391
2004-01-07,11.48,11.9,11.08,11.68,3908500,10.639576
2004-01-08,11.75,13.0,11.75,12.86,9087100,11.714464
2004-01-09,12.83,13.12,12.49,12.83,4484500,11.687137
2004-01-12,12.9,12.99,12.64,12.95,1414700,11.796447
2004-01-13,12.9,13.08,12.67,12.7,2000600,11.568717
2004-01-14,12.6,12.69,11.97,12.13,5400200,11.049491
2004-01-15,12.05,12.41,11.98,12.15,2951200,11.067709
2004-01-16,12.16,12.2,12.0,12.05,3061300,10.976617
2004-01-20,12.09,12.3,11.18,11.3,8371400,10.293425
2004-01-21,11.35,11.55,11.3,11.47,3060000,10.448282
2004-01-22,11.47,11.63,11.3,11.35,3307500,10.338972
2004-01-23,11.4,11.5,11.28,11.3,2255000,10.293425
2004-01-26,11.1,11.45,11.0,11.43,2250100,10.411845
2004-01-27,11.45,11.99,11.45,11.62,3685900,10.58492
2004-01-28,11.62,11.69,11.2,11.21,4748200,10.211442
2004-01-29,11.22,11.28,10.58,10.97,3634900,9.992821
2004-01-30,11.0,11.19,10.65,10.99,2714000,10.011039
2004-02-02,10.99,11.14,10.88,10.92,2259600,9.947275
2004-02-03,10.93,11.44,10.9,11.43,2890200,10.411845
2004-02-04,11.35,11.48,11.1,11.19,2931100,10.193223
2004-02-05,11.25,11.48,11.25,11.45,1626300,10.430063
2004-02-06,11.45,11.84,11.44,11.8,1302800,10.748887
2004-02-09,11.8,12.01,11.64,11.86,1680200,10.803542
2004-02-10,11.86,11.86,11.68,11.71,2370900,10.666904
2004-02-11,11.7,12.0,11.69,11.9,1809200,10.839978
2004-02-12,11.92,12.14,11.8,11.81,1617700,10.757996
2004-02-13,11.8,12.05,11.79,12.0,1022300,10.931071
2004-02-17,11.9,12.59,11.8,12.29,3761900,11.195239
2004-02-18,11.95,12.08,11.7,11.75,4287700,10.70334
2004-02-19,12.1,12.22,11.31,11.4,6201700,10.384517
2004-02-20,11.32,11.49,11.04,11.15,2011500,10.156786
2004-02-23,11.2,11.4,10.58,10.68,3584100,9.728654
2004-02-24,10.68,10.96,10.4,10.94,2994600,9.965493
2004-02-25,10.94,11.1,10.75,10.82,1423600,9.856182
2004-02-26,10.75,11.07,10.6,11.0,2312500,10.020148
2004-02-27,11.1,11.22,10.95,11.05,2472000,10.065695
2004-03-01,11.05,11.35,10.93,11.22,1721300,10.220552
2004-03-02,11.22,11.75,11.22,11.73,3851300,10.685122
2004-03-03,11.71,11.95,11.55,11.76,3248600,10.71245
2004-03-04,11.79,12.25,11.65,12.11,3922800,11.031272
2004-03-05,12.0,12.0,11.04,11.79,1241800,10.739777
2004-03-08,11.85,11.87,11.45,11.45,1399700,10.430063
2004-03-09,11.5,11.52,11.07,11.15,1721900,10.156786
2004-03-10,11.15,11.34,10.91,11.05,1273500,10.065695
2004-03-11,10.75,11.21,10.69,10.79,1685600,9.828855
2004-03-12,10.88,11.05,10.88,11.03,1368700,10.047476
2004-03-15,10.98,10.99,10.79,10.9,1356600,9.929056
2004-03-16,11.1,11.3,11.03,11.22,2568500,10.220552
2004-03-17,11.22,11.6,11.0,11.54,1199400,10.512047
2004-03-18,11.5,11.54,11.0,11.3,1151600,10.293425
2004-03-19,11.25,11.25,11.08,11.2,837800,10.202333
2004-03-22,11.1,11.12,10.83,10.93,1465500,9.956384
2004-03-23,10.97,11.05,10.37,10.39,2407800,9.464486
2004-03-24,10.2,10.49,9.89,10.34,4166300,9.41894
2004-03-25,10.45,10.97,10.39,10.95,2581500,9.974602
2004-03-26,10.95,11.25,10.86,10.93,1776800,9.956384
2004-03-29,11.0,11.11,10.92,10.98,668000,10.00193
2004-03-30,11.0,11.33,10.95,11.25,2199900,10.247879
2004-03-31,11.25,11.5,11.18,11.35,1229500,10.338972
2004-04-01,11.3,11.6,11.13,11.53,2292100,10.502937
2004-04-02,11.6,11.73,11.53,11.69,2336200,10.648685
2004-04-05,11.63,11.86,11.63,11.79,1800000,10.739777
2004-04-06,11.95,12.02,11.89,11.99,3418500,10.921962
2004-04-07,11.95,11.98,11.82,11.95,2277800,10.885525
2004-04-08,12.0,12.34,11.9,12.24,3501900,11.149692
2004-04-12,12.24,12.35,12.16,12.2,2137000,11.113255
2004-04-13,12.2,12.3,11.82,11.99,2055600,10.921962
2004-04-14,11.7,11.81,11.65,11.8,2224100,10.748887
2004-04-15,12.1,12.79,12.06,12.65,4998500,11.52317
2004-04-16,12.6,12.86,12.46,12.8,1851700,11.659809
2004-04-19,12.75,13.01,12.66,13.0,2047400,11.841994
2004-04-20,12.99,13.25,12.95,12.99,4792500,11.832884
2004-04-21,13.0,13.36,12.87,13.31,2474500,12.12438
2004-04-22,13.3,13.8,13.2,13.72,4262200,12.497858
2004-04-23,13.85,13.91,13.33,13.45,2933500,12.251909
2004-04-26,13.38,13.63,13.14,13.55,2898600,12.343001
2004-04-27,13.0,13.5,12.85,13.15,4155300,11.978632
2004-04-28,12.99,13.1,12.88,12.97,1499700,11.814666
2004-04-29,12.9,12.91,12.57,12.66,1753000,11.53228
2004-04-30,12.65,12.82,12.3,12.45,1434800,11.340986
2004-05-03,12.5,13.18,12.5,13.09,2025800,11.923977
2004-05-04,13.09,13.61,13.07,13.55,2150800,12.343001
2004-05-05,13.55,13.65,13.44,13.51,1583800,12.306564
2004-05-06,13.5,13.54,13.24,13.44,1375800,12.242799
2004-05-07,13.44,13.54,13.1,13.14,1046900,11.969523
2004-05-10,13.02,13.04,12.66,12.82,1674900,11.678027
2004-05-11,12.82,13.2,12.82,13.2,2487000,12.024178
2004-05-12,13.2,13.24,12.68,13.1,3394800,11.933086
2004-05-13,12.9,13.37,12.9,13.25,864900,12.069724
2004-05-14,13.25,13.35,12.9,13.0,1319600,11.841994
2004-05-17,12.95,12.95,12.57,12.66,1334400,11.53228
2004-05-18,12.66,12.99,12.6,12.9,1634900,11.750901
2004-05-19,12.95,13.15,12.85,12.91,2023600,11.76001
2004-05-20,12.95,13.05,12.92,13.03,740200,11.869321
2004-05-21,13.2,13.2,12.97,13.05,637300,11.88754
2004-05-24,13.14,13.36,13.1,13.3,1217000,12.115271
2004-05-25,13.31,13.9,13.26,13.85,2307000,12.616278
2004-05-26,13.85,13.92,13.64,13.78,1027200,12.552513
2004-05-27,13.81,14.06,13.8,13.87,1636600,12.634496
2004-05-28,13.75,13.91,13.71,13.83,759200,12.598059
2004-06-01,13.84,14.02,13.79,14.02,888300,12.771135
2004-06-02,14.02,14.2,13.93,14.01,818900,12.762026
2004-06-03,14.01,14.01,13.56,13.7,811900,12.479639
2004-06-04,13.8,14.17,13.75,14.05,1244000,12.798463
2004-06-07,14.1,14.7,14.02,14.65,2492500,13.345016
2004-06-08,14.5,14.84,14.45,14.56,1674100,13.263033
2004-06-09,14.56,14.63,14.26,14.35,1162900,13.071739
2004-06-10,14.35,14.63,14.35,14.39,759900,13.108176
2004-06-14,14.24,14.48,14.22,14.31,2176200,13.035303
2004-06-15,14.4,14.66,14.36,14.43,915000,13.144613
2004-06-16,14.33,14.51,14.3,14.47,879700,13.18105
2004-06-17,14.37,14.76,14.36,14.67,919700,13.363234
2004-06-18,14.68,15.03,14.57,14.89,1875600,13.563638
2004-06-21,14.89,15.03,14.53,14.68,1255200,13.372344
2004-06-22,14.75,15.02,14.6,14.95,3034700,13.618293
2004-06-23,14.95,15.42,14.95,15.37,3205000,14.00088
2004-06-24,15.47,16.0,15.36,15.38,2202500,14.009989
2004-06-25,15.39,15.51,15.0,15.0,3067400,13.663839
2004-06-28,15.0,15.1,14.54,14.8,3508900,13.481654
2004-06-29,14.8,15.09,14.77,15.07,4198700,13.727603
2004-06-30,15.05,15.31,15.05,15.2,1247200,13.846023
2004-07-01,15.05,15.36,14.92,15.25,1297500,13.891569
2004-07-02,15.25,15.31,15.02,15.3,921700,13.937116
2004-07-06,15.3,15.3,14.9,15.08,1002400,13.736713
2004-07-07,15.1,15.41,15.02,15.41,1852700,14.037317
2004-07-08,15.4,15.44,15.06,15.13,675300,13.782259
2004-07-09,15.13,15.2,15.02,15.07,1075600,13.727603
2004-07-12,15.05,15.05,14.8,15.0,1108100,13.663839
2004-07-13,15.0,15.08,14.9,15.01,469200,13.672948
2004-07-14,15.01,15.08,14.85,14.9,844800,13.572746
2004-07-15,14.99,15.05,14.89,14.9,520300,13.572746
2004-07-16,14.97,14.97,14.64,14.94,758500,13.609183
2004-07-19,14.9,15.15,14.82,15.14,1382500,13.791368
2004-07-20,15.14,15.66,15.08,15.62,3023600,14.228611
2004-07-21,15.62,15.85,14.97,14.99,1652200,13.654729
2004-07-22,14.98,14.99,14.25,14.67,2880800,13.363234
2004-07-23,14.62,14.62,13.9,14.29,1888200,13.017084
2004-07-26,14.3,14.5,13.68,13.85,2280900,12.616278
2004-07-27,13.92,14.84,13.92,14.82,1504500,13.499872
2004-07-28,14.85,15.0,14.36,14.91,1229200,13.581856
2004-07-29,14.91,15.19,14.55,14.56,2303700,13.263033
2004-07-30,14.57,14.7,14.3,14.46,1095500,13.171941
2004-08-02,14.07,14.35,13.92,14.3,2796200,13.026193
2004-08-03,14.25,14.25,13.9,14.01,1624900,12.762026
2004-08-04,14.2,14.2,13.67,13.95,1051600,12.70737
2004-08-05,13.9,13.9,13.5,13.6,1147900,12.388548
2004-08-06,13.4,13.96,13.1,13.69,2734500,12.47053
2004-08-09,13.59,13.75,13.4,13.48,1016800,12.279236
2004-08-10,13.5,14.07,13.49,13.94,1170600,12.69826
2004-08-11,13.74,14.28,13.6,14.02,1509600,12.771135
2004-08-12,14.03,14.41,13.99,14.38,1996700,13.099067
2004-08-13,14.39,14.55,14.37,14.46,1149400,13.171941
2004-08-16,14.36,14.91,14.36,14.8,1216700,13.481654
2004-08-17,14.01,14.39,14.01,14.36,16421400,13.080848
2004-08-18,14.4,14.65,14.4,14.55,5876300,13.253924
2004-08-19,14.5,14.69,14.42,14.57,1846100,13.272142
2004-08-20,14.57,14.75,14.53,14.73,1141800,13.417889
2004-08-23,14.79,14.84,14.57,14.59,2687600,13.290361
2004-08-24,14.68,14.71,14.38,14.4,816400,13.117285
2004-08-25,14.15,14.89,14.11,14.75,3049300,13.436108
2004-08-26,14.75,14.92,14.51,14.61,612000,13.308579
2004-08-27,14.62,14.93,14.55,14.92,1229800,13.590965
2004-08-30,14.82,14.87,14.68,14.76,618400,13.445218
2004-08-31,14.72,14.95,14.49,14.89,1195300,13.563638
2004-09-01,14.89,15.0,14.84,14.99,1393600,13.654729
2004-09-02,14.96,15.08,14.91,15.0,1105600,13.663839
2004-09-03,14.97,14.99,14.85,14.89,762300,13.563638
2004-09-07,14.95,15.15,14.86,15.06,2209300,13.718495
2004-09-08,15.06,15.06,14.87,14.95,869300,13.618293
2004-09-09,14.97,15.0,14.87,14.99,822500,13.654729
2004-09-10,15.08,15.12,14.95,15.08,2288500,13.736713
2004-09-13,15.1,15.25,15.05,15.17,2492700,13.818696
2004-09-14,15.17,15.18,14.98,15.07,1255900,13.727603
2004-09-15,15.03,15.05,14.79,14.84,1569600,13.518091
2004-09-16,14.84,15.0,14.84,14.9,901400,13.572746
2004-09-17,14.89,14.97,14.81,14.95,718300,13.618293
2004-09-20,14.99,15.01,14.87,14.99,871500,13.654729
2004-09-21,15.02,15.05,14.82,14.91,1148500,13.581856
2004-09-22,14.9,14.9,14.49,14.57,1543700,13.272142
2004-09-23,14.58,14.67,14.38,14.42,1580500,13.135504
2004-09-24,14.5,14.75,14.49,14.57,1713800,13.272142
2004-09-27,14.55,14.56,14.38,14.46,2122500,13.171941
2004-09-28,14.41,14.68,14.39,14.6,1658500,13.29947
2004-09-29,14.8,15.15,14.63,14.96,2642100,13.627402
2004-09-30,14.98,15.46,14.98,15.35,2798700,13.982662
2004-10-01,15.35,15.75,15.19,15.24,2628500,13.88246
2004-10-04,15.49,15.6,15.31,15.33,1316500,13.964443
2004-10-05,15.33,15.7,15.32,15.5,1964800,14.1193
2004-10-06,15.5,15.65,15.44,15.63,1253600,14.23772
2004-10-07,15.5,15.62,15.41,15.49,1339600,14.110191
2004-10-08,15.48,15.74,15.43,15.58,1390900,14.192174
2004-10-11,15.58,16.129999,15.58,16.030001,3721800,14.60209
2004-10-12,16.049999,16.549999,15.95,16.43,3935200,14.966458
2004-10-13,16.5,16.700001,16.120001,16.200001,2576000,14.756947
2004-10-14,16.209999,16.25,16.02,16.129999,1289600,14.693181
2004-10-15,16.18,16.299999,16.1,16.26,4016400,14.811601
2004-10-18,16.16,16.450001,16.16,16.4,2287900,14.93913
2004-10-19,16.5,16.780001,16.200001,16.26,1541600,14.811601
2004-10-20,16.26,16.360001,16.110001,16.219999,1388800,14.775164
2004-10-21,16.299999,16.459999,16.139999,16.4,598700,14.93913
2004-10-22,16.43,16.559999,16.309999,16.41,1216200,14.94824
2004-10-25,16.4,16.4,16.049999,16.219999,1286500,14.775164
2004-10-26,16.15,16.440001,16.0,16.440001,1505000,14.975568
2004-10-27,16.35,16.77,16.24,16.700001,1898600,15.212408
2004-10-28,16.5,16.99,16.299999,16.799999,1901700,15.303499
2004-10-29,16.75,17.280001,16.360001,17.190001,3107600,15.65876
2004-11-01,17.24,17.4,17.139999,17.209999,2435100,15.676977
2004-11-02,17.209999,17.83,17.200001,17.559999,2774900,15.9958
2004-11-03,17.799999,17.83,17.48,17.49,1833800,15.932036
2004-11-04,17.25,17.68,17.190001,17.57,1033200,16.00491
2004-11-05,17.700001,17.9,17.440001,17.450001,1771600,15.8956
2004-11-08,17.299999,17.620001,17.280001,17.4,1720200,15.850053
2004-11-09,17.440001,17.889999,17.440001,17.870001,1882400,16.278187
2004-11-10,17.799999,17.99,17.799999,17.940001,1657600,16.341952
2004-11-11,17.940001,18.700001,17.83,18.49,3335400,16.842958
2004-11-12,18.469999,18.530001,18.17,18.25,1406400,16.624337
2004-11-15,17.9,18.110001,17.809999,17.9,1874400,16.305514
2004-11-16,17.85,18.049999,17.42,17.52,3426500,15.959364
2004-11-17,17.52,18.07,17.35,17.719999,2077700,16.141548
2004-11-18,17.719999,18.200001,17.690001,18.200001,1149300,16.578792
2004-11-19,18.059999,18.200001,17.719999,17.790001,1416200,16.205314
2004-11-22,17.75,18.17,17.75,18.15,998900,16.533245
2004-11-23,17.700001,18.15,17.700001,17.9,2571200,16.305514
2004-11-24,17.85,18.370001,17.84,18.23,1329700,16.606118
2004-11-26,18.290001,18.34,17.799999,17.9,598100,16.305514
2004-11-29,18.049999,18.6,18.049999,18.200001,1929600,16.578792
2004-11-30,18.35,18.49,18.1,18.129999,1941100,16.515026
2004-12-01,18.139999,18.459999,18.049999,18.27,2969400,16.642556
2004-12-02,18.299999,18.75,18.280001,18.5,2268100,16.852068
2004-12-03,18.5,18.75,18.43,18.48,856700,16.833849
2004-12-06,18.549999,18.58,18.41,18.549999,2685100,16.897613
2004-12-07,18.58,18.65,17.940001,18.0,2164300,16.396607
2004-12-08,17.959999,18.1,17.65,17.75,1975900,16.168876
2004-12-09,17.700001,17.75,17.25,17.559999,2386000,15.9958
2004-12-10,17.4,17.76,16.450001,17.5,4960000,15.941145
2004-12-13,17.52,17.790001,17.52,17.6,1370300,16.032238
2004-12-14,17.450001,17.75,17.26,17.690001,3152000,16.114221
2004-12-15,17.530001,18.43,17.530001,18.360001,3768500,16.724539
2004-12-16,18.26,18.549999,18.23,18.370001,2620600,16.733649
2004-12-17,18.35,18.540001,18.299999,18.5,3082900,16.852068
2004-12-20,18.5,18.51,18.299999,18.32,1517600,16.688102
2004-12-21,18.379999,18.559999,18.35,18.459999,1106700,16.81563
2004-12-22,18.5,18.6,18.34,18.4,1982400,16.760975
2004-12-23,18.450001,18.450001,18.190001,18.200001,900400,16.578792
2004-12-27,18.1,18.18,17.889999,17.92,1016000,16.323733
2004-12-28,18.049999,18.08,17.700001,17.84,1237500,16.250859
2004-12-29,17.84,17.93,17.75,17.92,669900,16.323733
2004-12-30,17.879999,18.24,17.84,18.200001,1012400,16.578792
2004-12-31,18.27,18.5,18.25,18.4,994600,16.760975
2005-01-03,18.0,18.549999,18.0,18.16,2153000,16.542354
2005-01-04,18.15,18.190001,17.91,17.92,1999800,16.323733
2005-01-05,17.93,17.98,17.67,17.76,1671700,16.177985
2005-01-06,17.75,17.99,17.75,17.92,1035100,16.323733
2005-01-07,17.950001,18.290001,17.950001,18.24,1088500,16.615228
2005-01-10,18.280001,18.809999,18.25,18.780001,2513700,17.107127
2005-01-11,18.889999,18.98,18.549999,18.709999,1480400,17.043361
2005-01-12,18.709999,18.709999,18.450001,18.540001,2257100,16.888506
2005-01-13,18.540001,18.57,18.370001,18.4,1735400,16.760975
2005-01-14,18.450001,18.68,18.389999,18.66,2111900,16.997815
2005-01-18,18.6,19.030001,18.58,19.0,2114000,17.307529
2005-01-19,18.950001,18.99,18.74,18.870001,849800,17.18911
2005-01-20,18.85,18.9,18.610001,18.67,1492200,17.006925
2005-01-21,18.67,18.67,18.450001,18.5,802200,16.852068
2005-01-24,18.450001,18.52,18.129999,18.290001,1215200,16.660775
2005-01-25,18.34,18.5,18.030001,18.09,2757700,16.47859
2005-01-26,18.049999,18.25,18.01,18.1,1777900,16.487699
2005-01-27,18.120001,18.43,18.110001,18.219999,686100,16.597009
2005-01-28,18.190001,18.34,18.0,18.23,1103700,16.606118
2005-01-31,18.25,18.34,17.950001,18.120001,1547300,16.505918
2005-02-01,18.280001,18.360001,18.23,18.24,1332000,16.615228
2005-02-02,18.280001,18.299999,17.889999,17.98,1699300,16.378388
2005-02-03,18.0,18.07,17.74,17.83,1013600,16.24175
2005-02-04,17.83,18.08,17.77,18.030001,1484500,16.423935
2005-02-07,18.07,18.25,17.73,17.799999,1213600,16.214421
2005-02-08,17.799999,18.17,17.790001,18.16,2007700,16.542354
2005-02-09,18.110001,18.139999,17.620001,17.68,1799300,16.105112
2005-02-10,17.75,17.77,17.370001,17.559999,1364500,15.9958
2005-02-11,17.6,17.83,17.57,17.68,2987300,16.105112
2005-02-14,17.719999,17.879999,17.67,17.77,1228800,16.187095
2005-02-15,17.809999,17.889999,17.440001,17.690001,2317900,16.114221
2005-02-16,17.73,18.52,17.719999,18.43,5795400,16.788304
2005-02-17,18.5,18.690001,18.280001,18.299999,2642600,16.669883
2005-02-18,18.379999,18.66,18.379999,18.610001,3539900,16.95227
2005-02-22,18.549999,18.74,18.360001,18.41,1281200,16.770085
2005-02-23,18.450001,18.57,18.27,18.309999,905100,16.678992
2005-02-24,18.18,18.379999,18.07,18.35,948800,16.71543
2005-02-25,18.52,18.719999,18.35,18.6,1231600,16.94316
2005-02-28,18.610001,18.65,18.23,18.33,1246100,16.697211
2005-03-01,18.469999,18.709999,18.4,18.67,1883900,17.006925
2005-03-02,18.629999,18.68,18.52,18.6,1645500,16.94316
2005-03-03,18.799999,18.84,18.690001,18.76,1810600,17.088908
2005-03-04,18.809999,18.83,18.66,18.780001,1446300,17.107127
2005-03-07,18.719999,18.99,18.690001,18.969999,877200,17.280201
2005-03-08,18.98,19.280001,18.84,18.98,3570900,17.28931
2005-03-09,18.9,18.9,18.469999,18.549999,1873400,16.897613
2005-03-10,18.530001,18.690001,18.469999,18.65,840300,16.988706
2005-03-11,18.6,19.040001,18.49,19.0,1345500,17.307529
2005-03-14,19.0,19.0,18.85,18.9,830200,17.216437
2005-03-15,18.9,18.9,18.469999,18.67,2016100,17.006925
2005-03-16,18.5,18.77,18.41,18.719999,1560500,17.05247
2005-03-17,18.73,18.780001,18.58,18.610001,1099500,16.95227
2005-03-18,18.65,18.84,18.559999,18.790001,826100,17.116236
2005-03-21,18.85,18.93,18.540001,18.58,2273400,16.924942
2005-03-22,18.6,18.67,18.379999,18.389999,2916400,16.751866
2005-03-23,18.299999,18.309999,17.889999,18.09,2289800,16.47859
2005-03-24,18.16,18.299999,18.120001,18.129999,1315200,16.515026
2005-03-28,18.16,18.23,18.0,18.040001,815000,16.433044
2005-03-29,18.0,18.01,17.299999,17.639999,2392900,16.068674
2005-03-30,17.639999,18.190001,17.469999,17.82,1933800,16.23264
2005-03-31,17.83,18.459999,17.67,18.23,1906200,16.606118
2005-04-01,18.459999,18.52,18.07,18.15,1403300,16.533245
2005-04-04,18.1,18.15,17.65,17.92,1923300,16.323733
2005-04-05,17.92,18.16,17.92,18.0,1025500,16.396607
2005-04-06,18.15,18.209999,17.99,18.01,1853100,16.405716
2005-04-07,17.99,18.120001,17.969999,18.0,1489900,16.396607
2005-04-08,17.93,18.01,17.84,17.92,1346000,16.323733
2005-04-11,17.93,17.950001,17.74,17.780001,607400,16.196204
2005-04-12,17.65,17.84,17.42,17.780001,1534400,16.196204
2005-04-13,17.780001,17.92,17.67,17.76,695300,16.177985
2005-04-14,17.709999,17.84,17.16,17.360001,2782800,15.813617
2005-04-15,17.360001,17.360001,16.799999,17.15,2276500,15.622322
2005-04-18,17.1,17.33,17.0,17.25,1989700,15.713415
2005-04-19,17.26,17.42,17.17,17.4,1278800,15.850053
2005-04-20,17.379999,17.5,16.91,16.950001,3082000,15.440139
2005-04-21,17.0,17.129999,16.93,17.01,2100600,15.494793
2005-04-22,17.02,17.120001,16.99,17.09,2262500,15.567667
2005-04-25,17.09,17.25,16.98,17.09,4306800,15.567667
2005-04-26,17.18,17.52,17.139999,17.25,2644100,15.713415
2005-04-27,17.200001,17.52,17.1,17.440001,1098000,15.88649
2005-04-28,17.35,17.42,17.030001,17.07,710000,15.549448
2005-04-29,17.1,17.32,17.0,17.23,1871100,15.695196
2005-05-02,17.290001,17.459999,16.860001,17.0,2168600,15.485684
2005-05-03,17.0,17.290001,16.950001,17.209999,1642500,15.676977
2005-05-04,16.299999,17.5,16.299999,17.200001,22487900,15.667869
2005-05-05,17.33,17.700001,17.200001,17.42,8403700,15.868272
2005-05-06,17.549999,17.549999,17.0,17.18,4228400,15.64965
2005-05-09,17.120001,17.200001,17.01,17.200001,2393800,15.667869
2005-05-10,17.139999,17.450001,17.01,17.02,4798900,15.503903
2005-05-11,17.040001,17.129999,16.940001,17.07,2291700,15.549448
2005-05-12,17.299999,17.32,16.85,16.92,3317500,15.41281
2005-05-13,16.9,17.040001,16.48,16.66,2966300,15.17597
2005-05-16,16.700001,16.719999,16.280001,16.459999,6117000,14.993785
2005-05-17,16.459999,16.709999,16.450001,16.700001,4836500,15.212408
2005-05-18,16.75,17.139999,16.74,17.07,5411600,15.549448
2005-05-19,17.15,17.24,17.040001,17.209999,2869300,15.676977
2005-05-20,17.219999,17.32,17.129999,17.200001,5417500,15.667869
2005-05-23,17.25,17.700001,17.16,17.440001,4456100,15.88649
2005-05-24,17.440001,17.540001,17.18,17.370001,1242400,15.822726
2005-05-25,17.41,17.41,17.23,17.290001,1551900,15.749852
2005-05-26,17.290001,17.58,17.280001,17.549999,3084900,15.986691
2005-05-27,17.68,17.85,17.549999,17.790001,2327700,16.205314
2005-05-31,17.860001,18.049999,17.73,18.040001,5530300,16.433044
2005-06-01,18.049999,18.09,17.83,18.0,2692800,16.396607
2005-06-02,18.07,18.5,17.99,18.299999,4026100,16.669883
2005-06-03,18.299999,18.85,18.299999,18.68,5897700,17.016034
2005-06-06,18.68,18.690001,18.450001,18.540001,1910300,16.888506
2005-06-07,18.58,18.98,18.51,18.85,4858000,17.170891
2005-06-08,18.85,19.01,18.4,18.41,3373000,16.770085
2005-06-09,18.41,18.5,18.290001,18.440001,1479400,16.797413
2005-06-10,18.5,18.65,18.33,18.370001,1403100,16.733649
2005-06-13,18.299999,18.440001,18.25,18.360001,2856200,16.724539
2005-06-14,18.450001,18.879999,18.370001,18.76,2062100,17.088908
2005-06-15,18.719999,18.83,18.49,18.82,1830100,17.143563
2005-06-16,18.76,19.32,18.75,19.209999,3056300,17.498822
2005-06-17,19.209999,19.25,19.0,19.01,1738800,17.316639
2005-06-20,18.93,19.32,18.93,19.15,2985500,17.444167
2005-06-21,19.15,19.32,19.07,19.27,1786000,17.553479
2005-06-22,19.299999,20.16,19.290001,19.969999,8866600,18.191123
2005-06-23,20.049999,20.33,19.92,20.15,3783000,18.35509
2005-06-24,20.049999,20.41,19.99,20.360001,10365700,18.546384
2005-06-27,20.360001,20.6,20.15,20.469999,4609500,18.646585
2005-06-28,20.700001,20.82,20.43,20.75,5355800,18.901644
2005-06-29,20.75,20.85,20.719999,20.799999,2610500,18.947189
2005-06-30,20.799999,21.16,20.73,21.02,4126300,19.147593
2005-07-01,21.15,21.15,20.700001,20.93,3385800,19.06561
2005-07-05,20.940001,21.18,20.76,21.059999,5544400,19.184029
2005-07-06,21.18,21.450001,21.129999,21.4,3949700,19.493743
2005-07-07,21.4,21.620001,21.200001,21.58,3375700,19.657709
2005-07-08,21.700001,21.700001,21.48,21.639999,4723400,19.712364
2005-07-11,21.889999,21.889999,21.290001,21.549999,7565900,19.630381
2005-07-12,21.65,21.84,21.559999,21.67,3434600,19.739693
2005-07-13,21.73,21.73,21.299999,21.389999,2664200,19.484634
2005-07-14,21.5,21.610001,21.360001,21.42,3544600,19.511962
2005-07-15,21.450001,21.49,21.24,21.440001,1216500,19.530181
2005-07-18,21.440001,21.459999,21.17,21.24,1531700,19.347996
2005-07-19,21.309999,21.35,21.200001,21.25,1201300,19.357105
2005-07-20,21.27,21.690001,21.18,21.57,2601500,19.6486
2005-07-21,21.59,21.59,21.23,21.26,1582000,19.366214
2005-07-22,21.23,21.43,21.23,21.43,1479700,19.521071
2005-07-25,21.5,21.66,21.219999,21.34,1585900,19.439088
2005-07-26,21.5,21.6,21.33,21.49,1242300,19.575726
2005-07-27,21.440001,22.1,21.280001,22.1,2236200,20.13139
2005-07-28,22.1,23.24,21.92,23.1,4473900,21.042312
2005-07-29,23.0,23.25,22.709999,22.98,2259900,20.933001
2005-08-01,22.98,23.200001,22.629999,22.790001,2265900,20.759927
2005-08-02,22.83,23.0,22.309999,22.4,2705800,20.404666
2005-08-03,22.459999,23.18,22.459999,23.07,4250900,21.014984
2005-08-04,23.07,23.43,22.84,22.91,2982800,20.869236
2005-08-05,22.879999,23.1,22.6,22.629999,1626600,20.614177
2005-08-08,22.84,23.129999,22.139999,22.200001,5168800,20.222482
2005-08-09,22.290001,22.450001,22.1,22.43,5750900,20.431994
2005-08-10,22.610001,22.940001,22.379999,22.75,3814100,20.723489
2005-08-11,22.75,23.209999,22.74,23.1,3581700,21.042312
2005-08-12,23.02,23.190001,22.42,22.43,3068900,20.431994
2005-08-15,22.209999,22.629999,22.209999,22.549999,2174000,20.541304
2005-08-16,22.6,23.0,22.540001,22.68,2297100,20.659725
2005-08-17,22.68,22.85,22.639999,22.709999,1180000,20.687051
2005-08-18,22.700001,22.889999,22.450001,22.75,7067500,20.723489
2005-08-19,22.9,23.059999,22.809999,23.0,1367600,20.951219
2005-08-22,23.09,23.280001,22.969999,23.24,3173800,21.169841
2005-08-23,23.23,23.440001,23.040001,23.389999,2312900,21.306479
2005-08-24,23.360001,23.82,23.360001,23.51,4182300,21.41579
2005-08-25,23.700001,23.73,23.43,23.540001,2277600,21.443119
2005-08-26,23.540001,23.629999,23.25,23.459999,3258800,21.370243
2005-08-29,23.440001,23.84,23.200001,23.52,1905000,21.4249
2005-08-30,23.52,24.040001,23.5,23.68,2158900,21.570647
2005-08-31,23.639999,23.950001,23.49,23.84,2202800,21.716395
2005-09-01,23.780001,24.26,23.77,24.09,2230400,21.944125
2005-09-02,24.219999,24.299999,23.59,23.67,1847500,21.561538
2005-09-06,23.85,24.0,23.41,23.9,4206800,21.771049
2005-09-07,23.91,24.23,23.82,24.209999,2993100,22.053435
2005-09-08,24.26,24.74,24.25,24.68,3802600,22.48157
2005-09-09,24.75,24.98,24.75,24.790001,2112600,22.581772
2005-09-12,24.790001,25.0,24.459999,24.639999,2740000,22.445132
2005-09-13,25.200001,25.200001,24.799999,24.99,4199400,22.763955
2005-09-14,25.0,25.129999,24.450001,24.530001,3338300,22.344932
2005-09-15,24.879999,25.01,24.74,24.82,5712600,22.609098
2005-09-16,24.91,25.049999,24.629999,24.940001,2965300,22.71841
2005-09-19,24.940001,25.08,24.59,24.65,2676100,22.454241
2005-09-20,24.75,24.92,23.950001,24.059999,4209000,21.916797
2005-09-21,24.059999,24.190001,23.5,23.6,3215400,21.497773
2005-09-22,23.65,23.790001,23.25,23.540001,2240400,21.443119
2005-09-23,23.549999,23.969999,23.52,23.82,3440100,21.698176
2005-09-26,23.82,24.360001,23.75,24.15,4583600,21.99878
2005-09-27,24.280001,24.58,24.110001,24.209999,2818700,22.053435
2005-09-28,24.25,24.469999,24.139999,24.27,1833500,22.108092
2005-09-29,24.27,24.76,24.24,24.73,5148900,22.527115
2005-09-30,24.75,25.08,24.709999,24.950001,4368800,22.727519
2005-10-03,24.860001,24.959999,24.73,24.799999,1758000,22.590879
2005-10-04,24.84,24.889999,24.51,24.68,2071700,22.48157
2005-10-05,24.6,24.889999,23.959999,24.059999,1671000,21.916797
2005-10-06,24.0,24.200001,23.83,24.0,2618300,21.862142
2005-10-07,24.15,24.48,23.84,24.16,2671600,22.00789
2005-10-10,24.01,24.02,23.66,23.68,1743700,21.570647
2005-10-11,23.48,23.700001,23.110001,23.35,3046100,21.270043
2005-10-12,23.299999,23.639999,22.879999,23.23,4142600,21.160731
2005-10-13,23.24,23.360001,22.75,23.24,2217000,21.169841
2005-10-14,23.280001,23.690001,23.280001,23.57,1711200,21.470445
2005-10-17,23.57,23.82,23.549999,23.6,1968100,21.497773
2005-10-18,23.57,23.860001,23.040001,23.08,3145400,21.024093
2005-10-19,22.959999,23.66,22.73,23.379999,3659700,21.297369
2005-10-20,23.43,23.77,22.950001,23.030001,2729100,20.978548
2005-10-21,23.040001,23.610001,23.040001,23.379999,2918100,21.297369
2005-10-24,23.34,23.790001,22.92,23.780001,2521700,21.66174
2005-10-25,23.780001,23.809999,23.540001,23.690001,1623400,21.579757
2005-10-26,23.639999,23.75,22.799999,22.969999,3350000,20.923891
2005-10-27,22.969999,23.16,22.74,23.0,2791800,20.951219
2005-10-28,23.1,23.52,23.030001,23.43,1383900,21.342916
2005-10-31,23.23,23.950001,23.23,23.85,5532500,21.725504
2005-11-01,23.85,24.92,23.85,24.860001,8142200,22.645536
2005-11-02,24.870001,25.440001,24.5,25.219999,5850700,22.973467
2005-11-03,25.6,26.15,25.129999,25.26,4734700,23.009905
2005-11-04,25.32,25.379999,24.639999,25.09,2769900,22.855048
2005-11-07,25.18,25.200001,24.76,24.870001,2111300,22.654646
2005-11-08,24.879999,25.440001,24.809999,25.43,4244700,23.164762
2005-11-09,25.43,26.0,25.18,25.9,6551300,23.592895
2005-11-10,25.799999,26.0,25.33,25.99,3997500,23.674878
2005-11-11,25.99,26.469999,25.879999,26.360001,5061500,24.01192
2005-11-14,26.6,26.6,26.030001,26.120001,4365900,23.793299
2005-11-15,26.120001,26.219999,25.469999,25.5,3145000,23.228526
2005-11-16,25.85,25.85,25.08,25.309999,4645300,23.05545
2005-11-17,26.26,26.27,25.309999,25.9,5802000,23.592895
2005-11-18,25.959999,26.4,25.690001,25.84,3053000,23.53824
2005-11-21,25.700001,26.389999,25.450001,26.17,4100500,23.838844
2005-11-22,26.049999,26.48,25.77,26.4,5450900,24.048356
2005-11-23,26.33,26.5,26.110001,26.280001,2400900,23.939046
2005-11-25,26.24,26.280001,26.16,26.24,1117500,23.902608
2005-11-28,26.24,26.389999,26.16,26.389999,2393200,24.039247
2005-11-29,26.42,26.879999,26.18,26.75,3026100,24.367179
2005-11-30,26.73,27.379999,26.690001,27.290001,4439700,24.859078
2005-12-01,27.5,27.83,27.290001,27.58,5867700,25.123245
2005-12-02,27.73,28.32,27.549999,27.98,3021100,25.487614
2005-12-05,27.99,28.200001,27.809999,28.09,4688600,25.587816
2005-12-06,28.1,28.33,27.709999,27.85,3987600,25.369194
2005-12-07,27.85,27.9,27.18,27.34,3518400,24.904624
2005-12-08,27.23,27.48,27.16,27.450001,2726200,25.004826
2005-12-09,27.450001,27.68,27.33,27.48,2200000,25.032152
2005-12-12,27.530001,27.65,27.35,27.5,3562000,25.050371
2005-12-13,27.450001,27.459999,26.860001,27.01,2641100,24.604019
2005-12-14,27.09,27.299999,26.809999,27.27,1820000,24.840859
2005-12-15,27.25,27.309999,26.91,26.99,1234700,24.5858
2005-12-16,27.049999,27.23,26.879999,27.09,1718200,24.676893
2005-12-19,27.25,27.360001,26.790001,26.83,1785700,24.440053
2005-12-20,26.83,26.9,26.35,26.780001,2034400,24.394508
2005-12-21,26.77,27.1,26.559999,26.950001,2962800,24.549364
2005-12-22,26.959999,27.07,26.889999,26.969999,1692800,24.567582
2005-12-23,26.98,27.200001,26.959999,27.030001,1636400,24.622238
2005-12-27,27.040001,27.27,26.92,27.030001,1287200,24.622238
2005-12-28,27.040001,27.15,26.98,27.02,1708900,24.613129
2005-12-29,27.09,27.110001,26.75,26.790001,2605700,24.403617
2005-12-30,26.860001,27.27,26.67,27.1,2477500,24.686002
2006-01-03,27.27,27.309999,26.66,27.299999,3653700,24.868186
2006-01-04,27.219999,28.200001,27.219999,28.139999,3530900,25.633361
2006-01-05,28.200001,28.299999,27.98,28.049999,2413500,25.551378
2006-01-06,28.290001,28.5,28.15,28.48,2014100,25.943075
2006-01-09,28.85,29.18,28.799999,29.1,4121700,26.507848
2006-01-10,29.110001,29.209999,28.74,29.059999,4626700,26.47141
2006-01-11,29.139999,29.610001,29.129999,29.549999,3640900,26.917762
2006-01-12,29.65,29.65,28.950001,29.120001,2633000,26.526066
2006-01-13,29.120001,29.290001,28.74,28.85,1668300,26.280117
2006-01-17,28.85,28.85,28.370001,28.5,3363900,25.961294
2006-01-18,28.5,29.34,28.23,29.280001,2811700,26.671814
2006-01-19,29.459999,29.799999,29.23,29.5,2438500,26.872216
2006-01-20,29.5,29.549999,28.76,28.799999,3059500,26.23457
2006-01-23,28.82,28.940001,28.58,28.74,1454300,26.179915
2006-01-24,28.83,29.700001,28.58,29.59,3391400,26.954199
2006-01-25,29.65,29.700001,28.959999,29.1,2774500,26.507848
2006-01-26,29.209999,29.280001,29.0,29.18,2274900,26.580721
2006-01-27,29.23,29.5,29.049999,29.41,2736900,26.790233
2006-01-30,29.5,29.690001,29.450001,29.59,2274800,26.954199
2006-01-31,29.98,31.110001,29.92,30.940001,5178800,28.183945
2006-02-01,30.73,31.4,30.549999,31.059999,3296100,28.293255
2006-02-02,31.16,31.16,30.5,30.73,2296800,27.992651
2006-02-03,30.74,30.74,30.15,30.719999,3490100,27.983541
2006-02-06,30.719999,31.290001,30.719999,31.24,2831700,28.457221
2006-02-07,31.25,32.049999,31.0,31.049999,2777000,28.284146
2006-02-08,31.049999,31.620001,31.01,31.35,2465200,28.557423
2006-02-09,31.35,31.4,30.4,30.49,2839100,27.774029
2006-02-10,30.48,31.49,30.469999,31.27,2563300,28.48455
2006-02-13,31.059999,31.18,30.33,30.5,1589600,27.783139
2006-02-14,30.5,30.91,30.299999,30.41,2026200,27.701156
2006-02-15,30.41,31.450001,30.41,31.25,2208900,28.466331
2006-02-16,31.25,31.73,31.059999,31.6,1212300,28.785154
2006-02-17,31.639999,31.75,31.450001,31.450001,1046500,28.648516
2006-02-21,31.389999,31.91,31.389999,31.700001,1969000,28.876247
2006-02-22,31.77,31.9,31.58,31.73,3081200,28.903573
2006-02-23,32.0,32.18,31.309999,31.48,4773900,28.675843
2006-02-24,31.9,32.68,31.59,32.209999,5327600,29.340816
2006-02-27,32.400002,32.540001,31.77,31.790001,1934000,28.95823
2006-02-28,31.790001,31.860001,31.379999,31.83,2984700,28.994666
2006-03-01,31.91,32.189999,31.17,31.5,3798000,28.694061
2006-03-02,31.299999,31.73,31.23,31.5,2276800,28.694061
2006-03-03,31.16,31.360001,30.73,30.83,2331300,28.083743
2006-03-06,30.85,31.040001,30.16,30.610001,6075400,27.883341
2006-03-07,30.610001,30.700001,29.719999,30.09,3001000,27.409661
2006-03-08,30.0,30.24,29.299999,30.209999,3516500,27.518971
2006-03-09,30.190001,30.530001,29.620001,29.83,2828500,27.172821
2006-03-10,29.83,30.51,29.82,30.4,2990700,27.692046
2006-03-13,30.65,30.690001,29.959999,30.309999,3175200,27.610063
2006-03-14,30.35,30.65,30.01,30.629999,2771300,27.901558
2006-03-15,30.65,30.85,30.52,30.6,3013200,27.874232
2006-03-16,30.66,31.23,30.549999,30.59,2157000,27.865122
2006-03-17,30.59,31.16,30.59,31.16,2643800,28.384348
2006-03-20,31.35,31.4,30.76,30.91,3018900,28.156617
2006-03-21,30.66,31.280001,30.6,30.950001,3249500,28.193055
2006-03-22,30.82,31.09,30.66,30.98,1806500,28.220381
2006-03-23,31.02,31.08,30.690001,30.9,1723400,28.147508
2006-03-24,30.9,31.030001,30.67,30.870001,1241700,28.120181
2006-03-27,30.66,30.66,30.15,30.23,2495200,27.537189
2006-03-28,30.08,30.129999,29.6,29.719999,4531000,27.072619
2006-03-29,29.639999,29.99,29.299999,29.92,4989900,27.254804
2006-03-30,29.969999,30.299999,29.5,29.690001,3123900,27.045292
2006-03-31,29.83,30.5,29.66,30.32,3499800,27.619173
2006-04-03,30.309999,30.870001,30.24,30.549999,2842100,27.828684
2006-04-04,30.450001,30.6,30.200001,30.33,2354600,27.628282
2006-04-05,30.200001,30.23,29.709999,30.110001,4820100,27.42788
2006-04-06,29.92,31.219999,29.879999,31.209999,3487500,28.429893
2006-04-07,31.25,31.74,30.969999,31.700001,3343900,28.876247
2006-04-10,31.549999,32.970001,31.450001,32.299999,5329100,29.422799
2006-04-11,32.299999,32.470001,31.84,31.950001,2701300,29.103977
2006-04-12,31.92,31.92,31.48,31.51,1852700,28.703171
2006-04-13,31.51,31.98,31.35,31.969999,1028300,29.122194
2006-04-17,31.92,32.119999,31.530001,31.6,1096900,28.785154
2006-04-18,31.549999,32.099998,31.5,31.790001,3089100,28.95823
2006-04-19,32.060001,32.52,31.66,32.470001,4955800,29.577658
2006-04-20,32.360001,32.759998,32.200001,32.279999,2090200,29.40458
2006-04-21,32.279999,33.150002,32.150002,33.009998,2906500,30.069553
2006-04-24,32.900002,32.990002,32.360001,32.740002,4009200,29.823607
2006-04-25,32.740002,33.27,32.740002,33.189999,2991200,30.233519
2006-04-26,34.450001,34.990002,33.919998,34.650002,6601100,31.563469
2006-04-27,34.790001,34.790001,33.900002,34.23,2896700,31.18088
2006-04-28,34.23,34.349998,33.93,34.139999,2699000,31.098897
2006-05-01,34.25,35.23,34.209999,34.959999,3570200,31.845853
2006-05-02,35.0,35.369999,34.529999,34.599998,4894000,31.51792
2006-05-03,34.77,34.970001,34.360001,34.669998,3379100,31.581684
2006-05-04,34.77,35.459999,34.720001,35.27,3442300,32.12824
2006-05-05,35.349998,35.5,35.150002,35.349998,3234600,32.201112
2006-05-08,35.310001,35.490002,34.98,35.16,2768500,32.028038
2006-05-09,35.310001,35.75,34.93,34.990002,3017200,31.873183
2006-05-10,35.02,35.48,35.0,35.119999,3132100,31.9916
2006-05-11,35.299999,35.32,34.540001,34.759998,2904900,31.663668
2006-05-12,34.66,34.66,33.349998,33.5,4631300,30.515907
2006-05-15,33.380001,34.290001,33.299999,33.450001,3624000,30.470361
2006-05-16,33.48,33.77,33.209999,33.77,3681900,30.761856
2006-05-17,33.779999,33.84,31.9,32.509998,7172800,29.614092
2006-05-18,32.599998,32.900002,31.440001,31.610001,5536100,28.794264
2006-05-19,30.0,31.0,28.6,30.879999,31815600,28.129289
2006-05-22,30.5,30.5,29.43,29.610001,11752600,26.972418
2006-05-23,29.15,30.85,28.91,30.17,10440300,27.482535
2006-05-24,30.5,30.629999,29.85,30.299999,7623600,27.600954
2006-05-25,30.42,31.32,30.42,31.139999,2884400,28.366129
2006-05-26,31.15,31.639999,30.969999,31.540001,2398500,28.730499
2006-05-30,31.68,32.0,30.290001,30.35,3259900,27.646501
2006-05-31,30.360001,31.15,30.200001,30.969999,4236200,28.211272
2006-06-01,30.969999,31.6,30.35,31.51,2557500,28.703171
2006-06-02,31.51,31.85,31.129999,31.370001,3404500,28.575642
2006-06-05,31.370001,31.59,30.610001,30.83,2729000,28.083743
2006-06-06,30.780001,30.799999,30.35,30.440001,2869900,27.728484
2006-06-07,30.49,31.25,30.049999,30.17,3347900,27.482535
2006-06-08,29.92,30.360001,29.0,30.27,3826200,27.573627
2006-06-09,30.15,30.969999,29.709999,29.860001,1634600,27.200149
2006-06-12,29.799999,29.92,28.450001,28.59,3322900,26.043277
2006-06-13,28.34,28.6,27.35,28.51,6449400,25.970403
2006-06-14,28.51,29.860001,28.299999,29.360001,3740200,26.744688
2006-06-15,29.360001,30.57,29.200001,30.450001,3245400,27.737593
2006-06-16,30.33,30.52,29.950001,30.120001,2859600,27.436989
2006-06-19,30.129999,30.389999,29.309999,29.700001,3060700,27.054402
2006-06-20,29.84,30.200001,29.23,29.440001,2085400,26.817561
2006-06-21,29.42,30.83,29.32,30.57,3208300,27.846903
2006-06-22,30.57,30.799999,30.209999,30.299999,1881200,27.600954
2006-06-23,30.42,31.049999,30.08,30.950001,2397700,28.193055
2006-06-26,30.799999,30.9,30.120001,30.360001,1595400,27.65561
2006-06-27,30.299999,30.4,29.34,29.6,2418700,26.963309
2006-06-28,29.4,30.030001,29.15,29.879999,2247600,27.218366
2006-06-29,30.049999,31.290001,29.799999,30.98,2471000,28.220381
2006-06-30,30.969999,31.280001,30.5,31.120001,3146800,28.347912
2006-07-03,31.129999,32.450001,31.129999,32.310001,1831300,29.43191
2006-07-05,32.200001,32.310001,31.690001,32.119999,2783500,29.258833
2006-07-06,32.110001,32.540001,32.02,32.509998,2485100,29.614092
2006-07-07,32.509998,32.57,31.09,31.469999,3111600,28.666733
2006-07-10,31.42,31.67,30.549999,30.77,1549000,28.029088
2006-07-11,30.690001,31.6,30.24,31.42,2677000,28.621188
2006-07-12,31.34,31.73,30.99,31.25,1582000,28.466331
2006-07-13,30.950001,31.75,30.65,31.15,2167500,28.375238
2006-07-14,31.049999,31.059999,29.98,30.379999,2245600,27.673827
2006-07-17,30.389999,31.41,30.389999,31.309999,1883700,28.520986
2006-07-18,31.4,31.860001,30.879999,31.57,3100100,28.757826
2006-07-19,31.74,32.459999,31.43,32.27,3017200,29.395472
2006-07-20,32.599998,33.240002,31.969999,32.099998,2538200,29.240614
2006-07-21,32.139999,32.139999,31.35,31.530001,1713500,28.72139
2006-07-24,31.530001,32.360001,31.42,32.27,1533500,29.395472
2006-07-25,32.32,32.68,31.68,32.529999,2541200,29.632311
2006-07-26,32.529999,32.630001,32.150002,32.41,1491600,29.523001
2006-07-27,32.599998,32.790001,31.51,31.639999,2193900,28.82159
2006-07-28,32.0,33.529999,31.299999,33.529999,4918400,30.543233
2006-07-31,33.66,34.57,33.130001,33.799999,3820400,30.789183
2006-08-01,33.849998,34.07,33.25,33.540001,2895600,30.552344
2006-08-02,33.900002,34.099998,33.540001,34.0,2804000,30.971368
2006-08-03,33.75,34.240002,33.299999,33.990002,2054400,30.96226
2006-08-04,34.0,34.360001,32.360001,33.259998,3645300,30.297284
2006-08-07,33.189999,33.830002,32.34,33.75,3792300,30.743637
2006-08-08,33.869999,34.990002,33.790001,34.630001,4718300,31.54525
2006-08-09,34.700001,35.099998,34.310001,34.450001,2189500,31.381284
2006-08-10,34.25,34.650002,33.740002,34.540001,1902200,31.463267
2006-08-11,34.540001,34.580002,33.919998,34.139999,1695400,31.098897
2006-08-14,34.200001,34.450001,33.5,34.029999,1455800,30.998695
2006-08-15,34.450001,35.049999,34.349998,34.720001,2240100,31.627233
2006-08-16,35.0,35.490002,34.869999,35.330002,2057800,32.182897
2006-08-17,35.189999,36.049999,34.919998,35.459999,2046600,32.301314
2006-08-18,35.450001,35.799999,34.919998,35.610001,1414800,32.437954
2006-08-21,35.610001,35.619999,34.93,35.209999,1628400,32.073583
2006-08-22,35.060001,35.450001,34.790001,35.27,2569100,32.12824
2006-08-23,35.349998,35.68,34.869999,35.490002,1356300,32.328644
2006-08-24,35.57,35.66,34.93,35.450001,1775000,32.292206
2006-08-25,35.349998,35.68,35.279999,35.5,1560400,32.337752
2006-08-28,35.529999,35.759998,35.380001,35.73,1624800,32.547264
2006-08-29,35.73,36.0,35.259998,35.740002,2220600,32.556375
2006-08-30,35.599998,35.91,35.5,35.830002,1842400,32.638358
2006-08-31,36.0,36.119999,35.560001,35.860001,2036600,32.665685
2006-09-01,35.860001,35.98,35.669998,35.720001,1156800,32.538156
2006-09-05,35.720001,35.810001,35.349998,35.66,2088300,32.483499
2006-09-06,35.66,35.990002,34.970001,35.389999,2633100,32.23755
2006-09-07,35.299999,35.400002,34.82,35.060001,2306300,31.936947
2006-09-08,35.200001,35.560001,35.009998,35.139999,1302400,32.009819
2006-09-11,35.0,35.900002,35.0,35.759998,1384500,32.57459
2006-09-12,36.150002,36.32,35.82,36.049999,3004400,32.838759
2006-09-13,36.23,36.639999,36.060001,36.330002,2263600,33.093819
2006-09-14,36.139999,36.630001,36.0,36.630001,1762100,33.367095
2006-09-15,36.75,36.830002,36.25,36.709999,3801200,33.439967
2006-09-18,36.860001,36.919998,36.23,36.380001,1900000,33.139365
2006-09-19,36.349998,36.389999,35.099998,35.740002,2506500,32.556375
2006-09-20,36.0,36.470001,35.900002,35.950001,1524100,32.747668
2006-09-21,36.0,36.650002,35.880001,36.279999,3879000,33.04827
2006-09-22,36.279999,36.5,36.040001,36.25,1802600,33.020944
2006-09-25,36.5,36.849998,35.93,36.529999,1485100,33.276001
2006-09-26,36.380001,36.75,35.970001,36.290001,1679000,33.057382
2006-09-27,36.400002,36.639999,35.880001,35.98,1804400,32.774994
2006-09-28,36.099998,36.650002,35.900002,36.389999,2144000,33.148472
2006-09-29,36.5,36.830002,36.099998,36.5,1852900,33.248674
2006-10-02,36.400002,36.400002,35.209999,35.810001,2718500,32.620139
2006-10-03,35.849998,36.110001,35.540001,35.880001,1660000,32.683903
2006-10-04,36.110001,36.5,35.84,36.259998,1639700,33.030051
2006-10-05,36.25,37.040001,35.709999,36.700001,2551200,33.43086
2006-10-06,37.029999,37.400002,36.68,36.759998,3245500,33.485513
2006-10-09,36.709999,37.470001,36.700001,37.18,1712000,33.868102
2006-10-10,37.18,37.599998,36.880001,37.380001,1702800,34.050287
2006-10-11,37.380001,37.68,37.25,37.52,2013900,34.177816
2006-10-12,37.52,37.880001,37.34,37.779999,2357500,34.414654
2006-10-13,37.779999,37.939999,37.599998,37.919998,6131500,34.542183
2006-10-16,37.990002,38.040001,37.650002,38.040001,2805500,34.651496
2006-10-17,38.009998,38.009998,37.150002,37.470001,1398700,34.13227
2006-10-18,37.599998,37.66,36.849998,37.18,1625400,33.868102
2006-10-19,37.0,37.349998,36.849998,37.189999,1557800,33.87721
2006-10-20,37.169998,37.549999,37.150002,37.450001,1175100,34.114052
2006-10-23,37.400002,37.560001,36.57,36.639999,1581900,33.376203
2006-10-24,36.400002,36.639999,35.75,35.950001,2441600,32.747668
2006-10-25,36.0,36.34,35.689999,35.700001,2548200,32.519937
2006-10-26,35.700001,37.689999,35.66,37.150002,3885500,33.840775
2006-10-27,37.0,37.110001,36.57,36.860001,1517900,33.576607
2006-10-30,37.400002,37.419998,35.82,35.93,3445400,32.729449
2006-10-31,36.049999,36.310001,35.529999,36.02,2108800,32.811432
2006-11-01,36.360001,36.48,35.66,36.0,1729100,32.793213
2006-11-02,36.0,37.099998,35.91,37.049999,3069400,33.749681
2006-11-03,37.299999,37.299999,36.450001,37.02,1611000,33.722355
2006-11-06,37.049999,37.619999,37.049999,37.389999,1166600,34.059395
2006-11-07,36.950001,37.84,36.759998,37.619999,2012900,34.268907
2006-11-08,37.52,37.639999,37.150002,37.290001,2547700,33.968304
2006-11-09,37.650002,38.060001,36.720001,36.959999,3043200,33.667698
2006-11-10,36.959999,37.0,35.849998,36.060001,5072800,32.84787
2006-11-13,36.09,36.389999,36.040001,36.240002,3253900,33.011836
2006-11-14,36.299999,36.599998,36.040001,36.540001,3044200,33.285112
2006-11-15,36.740002,37.880001,36.5,37.779999,3247100,34.414654
2006-11-16,38.200001,38.259998,37.619999,37.700001,3255300,34.341782
2006-11-17,37.700001,37.860001,37.189999,37.619999,2604000,34.268907
2006-11-20,37.619999,37.93,37.41,37.599998,2336400,34.250688
2006-11-21,37.82,38.279999,37.75,38.27,1750200,34.861008
2006-11-22,38.169998,38.5,37.990002,38.009998,1137300,34.624166
2006-11-24,37.759998,38.240002,37.57,38.040001,428000,34.651496
2006-11-27,37.650002,37.849998,36.740002,37.400002,2672900,34.068506
2006-11-28,37.150002,37.16,36.790001,36.959999,1809000,33.667698
2006-11-29,38.0,38.740002,37.900002,38.23,4901000,34.82457
2006-11-30,38.299999,38.540001,37.450001,37.869999,6020100,34.496637
2006-12-01,38.099998,38.330002,37.25,37.650002,2086200,34.296237
2006-12-04,37.650002,37.810001,37.450001,37.700001,2723300,34.341782
2006-12-05,37.619999,37.75,37.220001,37.349998,2695200,34.022957
2006-12-06,37.599998,37.990002,37.380001,37.740002,2426700,34.37822
2006-12-07,37.84,38.200001,37.25,37.369999,1565900,34.041176
2006-12-08,37.389999,37.400002,36.950001,37.110001,1807800,33.804338
2006-12-11,37.330002,37.98,37.009998,37.709999,2482100,34.35089
2006-12-12,37.57,37.68,36.73,36.790001,2576700,33.512843
2006-12-13,37.049999,37.139999,36.150002,36.349998,3958900,33.112035
2006-12-14,36.220001,36.619999,36.049999,36.220001,2277300,32.993617
2006-12-15,36.290001,36.93,36.220001,36.849998,4067200,33.567496
2006-12-18,36.900002,37.299999,36.639999,36.849998,2370900,33.567496
2006-12-19,37.0,37.580002,36.650002,37.25,3404200,33.931866
2006-12-20,37.400002,38.310001,36.889999,36.98,2899400,33.685917
2006-12-21,36.959999,37.220001,36.41,36.57,2070000,33.312439
2006-12-22,36.650002,36.77,36.139999,36.16,1952100,32.938961
2006-12-26,36.16,36.349998,35.990002,36.18,1668200,32.957179
2006-12-27,36.18,36.459999,35.990002,36.369999,1885500,33.130254
2006-12-28,36.25,37.0,36.150002,36.970001,2631200,33.676809
2006-12-29,36.900002,37.439999,36.860001,37.279999,2284400,33.959193
2007-01-03,37.34,38.080002,37.209999,38.0,5518800,34.615058
2007-01-04,38.080002,38.200001,37.68,37.849998,4271800,34.478419
2007-01-05,37.860001,38.16,37.09,37.52,3116100,34.177816
2007-01-08,37.529999,38.75,36.630001,38.59,2604200,35.152503
2007-01-09,39.0,39.5,38.59,39.150002,5293500,35.662621
2007-01-10,39.150002,39.400002,38.939999,39.310001,3169000,35.808368
2007-01-11,39.310001,39.599998,39.0,39.450001,2712700,35.935897
2007-01-12,39.299999,40.0,39.299999,39.790001,3717200,36.245611
2007-01-16,39.799999,39.970001,39.450001,39.75,2726000,36.209173
2007-01-17,39.75,40.0,39.57,39.639999,2848100,36.108971
2007-01-18,39.639999,40.25,39.540001,39.709999,3822200,36.172735
2007-01-19,39.639999,40.32,39.619999,40.0,2497200,36.436903
2007-01-22,40.200001,40.240002,39.48,39.66,2021300,36.12719
2007-01-23,39.459999,40.150002,39.41,40.07,2311500,36.500668
2007-01-24,40.0,40.369999,39.849998,40.139999,2189500,36.564432
2007-01-25,40.240002,40.459999,39.799999,40.0,2249800,36.436903
2007-01-26,40.0,40.189999,39.709999,40.02,1519400,36.455122
2007-01-29,39.900002,40.220001,39.299999,39.540001,1907500,36.01788
2007-01-30,39.68,39.970001,39.599998,39.779999,1569500,36.236499
2007-01-31,39.68,39.990002,39.48,39.830002,1587700,36.282048
2007-02-01,39.990002,40.240002,39.799999,40.02,2217500,36.455122
2007-02-02,40.02,40.150002,39.619999,39.939999,1105500,36.382247
2007-02-05,39.849998,40.16,39.73,40.040001,1546200,36.473341
2007-02-06,40.0,40.16,39.880001,40.099998,5284200,36.527994
2007-02-07,40.299999,40.5,39.98,40.150002,1980100,36.573543
2007-02-08,40.380001,40.450001,40.130001,40.150002,3726300,36.573543
2007-02-09,40.349998,40.5,39.619999,39.919998,2227300,36.364028
2007-02-12,39.919998,39.990002,39.349998,39.5,1532600,35.981442
2007-02-13,39.5,39.98,39.470001,39.549999,3985300,36.026988
2007-02-14,39.540001,40.029999,39.5,39.599998,3199400,36.072533
2007-02-15,39.849998,40.529999,39.669998,40.169998,3589400,36.591759
2007-02-16,40.290001,40.450001,40.009998,40.32,2863000,36.728398
2007-02-20,40.970001,41.310001,40.689999,40.84,3957700,37.202079
2007-02-21,40.650002,40.93,40.290001,40.599998,2770400,36.983456
2007-02-22,40.599998,41.150002,40.169998,40.380001,2722200,36.783055
2007-02-23,40.470001,40.639999,40.18,40.25,1670500,36.664634
2007-02-26,40.25,40.630001,40.0,40.439999,1590700,36.837708
2007-02-27,39.650002,40.02,38.220001,38.849998,4531000,35.389341
2007-02-28,39.310001,39.310001,38.119999,38.720001,3196800,35.270924
2007-03-01,38.16,38.59,37.630001,38.360001,3289700,34.942991
2007-03-02,38.0,38.220001,37.630001,37.77,2290100,34.405547
2007-03-05,37.25,37.810001,37.099998,37.18,3760500,33.868102
2007-03-06,36.799999,38.119999,36.799999,38.0,2506700,34.615058
2007-03-07,37.98,38.220001,37.75,37.810001,1996200,34.441984
2007-03-08,37.950001,38.330002,37.869999,37.98,3115200,34.596839
2007-03-09,38.490002,38.59,37.619999,37.830002,2730700,34.460203
2007-03-12,37.799999,38.779999,37.630001,38.610001,3319800,35.170722
2007-03-13,38.330002,38.73,37.549999,37.669998,2023600,34.314452
2007-03-14,37.580002,37.889999,37.169998,37.619999,2658300,34.268907
2007-03-15,37.630001,37.880001,37.259998,37.52,1642500,34.177816
2007-03-16,37.400002,37.77,37.34,37.549999,2075900,34.205142
2007-03-19,37.650002,38.0,37.650002,37.830002,2460300,34.460203
2007-03-20,37.720001,38.27,36.939999,38.049999,1932100,34.660604
2007-03-21,38.240002,39.330002,38.23,39.209999,3891200,35.717274
2007-03-22,39.209999,39.490002,39.0,39.310001,2207200,35.808368
2007-03-23,39.369999,39.860001,39.220001,39.66,2699700,36.12719
2007-03-26,39.66,39.810001,39.110001,39.599998,3082300,36.072533
2007-03-27,39.450001,39.5,38.84,39.0,1944300,35.525981
2007-03-28,39.889999,40.07,38.299999,38.369999,2841500,34.952099
2007-03-29,38.73,39.0,38.110001,38.57,1580700,35.134284
2007-03-30,38.830002,39.0,38.259998,38.950001,1624800,35.480435
2007-04-02,38.060001,39.02,37.830002,38.990002,1724700,35.516873
2007-04-03,39.029999,39.5,39.02,39.23,1441600,35.735493
2007-04-04,39.23,39.459999,38.880001,39.099998,1385800,35.617072
2007-04-05,39.110001,39.450001,39.060001,39.299999,1726900,35.799257
2007-04-09,39.32,39.75,39.240002,39.330002,1367500,35.826587
2007-04-10,39.330002,39.650002,39.25,39.450001,2400100,35.935897
2007-04-11,39.5,39.790001,39.18,39.48,1578500,35.963223
2007-04-12,39.5,39.630001,39.279999,39.459999,1684900,35.945004
2007-04-13,39.450001,39.75,39.41,39.540001,1238300,36.01788
2007-04-16,39.639999,39.900002,39.470001,39.5,2087900,35.981442
2007-04-17,39.52,39.880001,39.41,39.759998,1652300,36.218281
2007-04-18,39.57,39.950001,39.5,39.830002,1714800,36.282048
2007-04-19,39.73,39.810001,39.360001,39.5,1429400,35.981442
2007-04-20,39.619999,39.799999,39.099998,39.209999,2429900,35.717274
2007-04-23,39.150002,39.48,38.52,38.799999,2707400,35.343796
2007-04-24,38.73,39.189999,38.720001,39.099998,2686600,35.617072
2007-04-25,39.150002,39.450001,38.950001,39.07,2286400,35.589745
2007-04-26,39.02,39.189999,38.48,38.580002,2061400,35.143395
2007-04-27,38.32,38.77,38.209999,38.639999,1486000,35.198048
2007-04-30,38.639999,38.639999,37.959999,38.0,2148800,34.615058
2007-05-01,38.02,38.41,37.639999,38.0,2863300,34.615058
2007-05-02,38.41,38.799999,37.919998,38.650002,2718000,35.207159
2007-05-03,38.549999,38.720001,38.060001,38.139999,2746100,34.742587
2007-05-04,38.25,38.509998,38.16,38.41,1746400,34.988536
2007-05-07,39.68,39.790001,38.860001,39.0,3943200,35.525981
2007-05-08,39.400002,40.07,39.060001,39.639999,4747800,36.108971
2007-05-09,39.650002,39.939999,39.209999,39.400002,4032900,35.890351
2007-05-10,39.25,39.599998,38.599998,38.740002,5655300,35.289143
2007-05-11,38.73,39.889999,38.650002,39.830002,3035600,36.282048
2007-05-14,39.82,40.869999,39.810001,40.66,6322400,37.038112
2007-05-15,40.68,41.080002,40.34,40.34,2969500,36.746617
2007-05-16,41.23,41.540001,40.299999,40.740002,2247800,37.110988
2007-05-17,40.73,40.880001,40.540001,40.650002,2643300,37.029005
2007-05-18,40.66,41.349998,40.360001,41.310001,2506600,37.630213
2007-05-21,41.310001,41.650002,41.18,41.34,3277700,37.65754
2007-05-22,41.25,41.57,41.0,41.380001,3012000,37.693978
2007-05-23,41.630001,42.259998,41.41,41.720001,2511100,38.003691
2007-05-24,41.75,42.439999,41.330002,41.369999,2949600,37.684866
2007-05-25,41.549999,42.09,41.459999,41.869999,1611200,38.140328
2007-05-29,41.959999,42.380001,41.82,42.290001,3808500,38.522917
2007-05-30,42.060001,43.0,41.919998,42.860001,3254500,39.042143
2007-05-31,42.990002,43.599998,42.91,43.18,2103800,39.333638
2007-06-01,43.279999,43.360001,42.860001,42.950001,2211300,39.124126
2007-06-04,43.84,43.84,42.66,42.830002,1916100,39.014816
2007-06-05,43.59,43.709999,42.540001,42.869999,2155700,39.05125
2007-06-06,42.580002,42.599998,41.869999,42.150002,2352600,38.395388
2007-06-07,41.880001,41.880001,41.049999,41.25,2372700,37.575557
2007-06-08,40.400002,41.779999,40.32,41.619999,2110500,37.912597
2007-06-11,41.459999,42.150002,41.459999,41.919998,1731900,38.185873
2007-06-12,41.669998,42.650002,41.599998,42.23,3240700,38.46826
2007-06-13,42.400002,42.900002,42.009998,42.439999,2186000,38.659553
2007-06-14,41.549999,42.880001,41.549999,42.5,2375800,38.71421
2007-06-15,42.68,43.220001,42.68,42.93,2363900,39.105907
2007-06-18,42.509998,43.02,42.380001,42.830002,2858400,39.014816
2007-06-19,42.900002,43.5,42.849998,43.130001,2508200,39.288092
2007-06-20,43.09,43.150002,41.810001,41.82,1600000,38.094782
2007-06-21,41.5,41.790001,41.279999,41.709999,2252500,37.99458
2007-06-22,41.540001,41.950001,41.349998,41.450001,1794400,37.757742
2007-06-25,41.48,41.84,40.950001,41.0,1911200,37.347826
2007-06-26,41.25,41.439999,40.48,40.630001,2973800,37.010786
2007-06-27,40.400002,41.900002,40.25,41.700001,3246200,37.985473
2007-06-28,42.18,42.27,41.720001,41.790001,2479100,38.067456
2007-06-29,41.720001,42.09,41.59,42.0,2995500,38.258749
2007-07-02,42.389999,43.18,42.220001,43.130001,2754400,39.288092
2007-07-03,43.130001,43.259998,42.759998,42.82,923000,39.005705
2007-07-05,42.84,43.009998,42.549999,42.75,1287000,38.941941
2007-07-06,42.630001,43.57,42.369999,43.490002,1919400,39.616025
2007-07-09,43.380001,43.57,43.029999,43.27,1316300,39.415621
2007-07-10,42.950001,43.150002,42.290001,42.389999,2089200,38.614008
2007-07-11,42.25,42.650002,41.990002,42.599998,3427900,38.805301
2007-07-12,42.810001,44.299999,42.740002,44.279999,2964500,40.335651
2007-07-13,44.549999,44.57,43.959999,44.419998,1260600,40.46318
2007-07-16,44.209999,44.5,43.799999,44.029999,2428900,40.10792
2007-07-17,44.200001,44.459999,43.66,43.759998,2318100,39.861971
2007-07-18,43.549999,43.650002,43.110001,43.5,4229700,39.625133
2007-07-19,43.91,45.290001,43.75,45.150002,4400500,41.128156
2007-07-20,45.150002,45.450001,44.599998,45.02,3399500,41.009735
2007-07-23,45.150002,45.25,44.669998,44.720001,2839400,40.736459
2007-07-24,44.150002,44.470001,43.389999,43.419998,2648400,39.552257
2007-07-25,43.599998,44.189999,42.880001,43.0,2329500,39.169671
2007-07-26,42.43,42.580002,40.900002,41.439999,3791900,37.748631
2007-07-27,41.25,41.939999,40.68,40.830002,5083300,37.192971
2007-07-30,41.099998,42.419998,41.060001,42.290001,4253400,38.522917
2007-07-31,42.650002,43.110001,41.560001,41.66,3367400,37.949035
2007-08-01,41.490002,42.16,39.610001,40.34,5301500,36.746617
2007-08-02,41.0,42.040001,39.98,41.490002,6546600,37.79418
2007-08-03,41.5,41.799999,39.98,40.119999,4348100,36.546213
2007-08-06,40.209999,40.650002,38.830002,40.189999,5192500,36.609978
2007-08-07,39.900002,41.299999,39.48,41.0,4254400,37.347826
2007-08-08,41.549999,42.490002,41.009998,41.689999,4655300,37.976361
2007-08-09,40.5,41.669998,40.25,41.110001,6133300,37.448028
2007-08-10,40.400002,41.029999,39.610001,40.689999,3376100,37.065439
2007-08-13,41.580002,41.900002,40.299999,40.369999,2877800,36.773944
2007-08-14,40.549999,41.0,39.360001,39.5,2886400,35.981442
2007-08-15,39.189999,39.450001,37.52,38.040001,5830200,34.651496
2007-08-16,38.25,38.299999,36.34,37.200001,6645600,33.886321
2007-08-17,39.049999,39.720001,37.799999,39.630001,6506100,36.099863
2007-08-20,39.900002,40.139999,38.59,38.84,2519200,35.380233
2007-08-21,38.66,38.73,37.869999,37.98,3982100,34.596839
2007-08-22,38.330002,39.610001,38.25,39.369999,3886900,35.863021
2007-08-23,39.599998,39.84,38.439999,38.849998,2593200,35.389341
2007-08-24,39.080002,39.75,38.849998,39.639999,1591000,36.108971
2007-08-27,39.34,39.66,39.09,39.450001,1148700,35.935897
2007-08-28,39.099998,39.18,38.360001,38.639999,2183300,35.198048
2007-08-29,38.849998,39.299999,38.34,39.119999,2142400,35.635291
2007-08-30,38.689999,39.25,38.5,38.73,2781500,35.280031
2007-08-31,39.009998,40.0,38.830002,39.619999,2801100,36.090752
2007-09-04,39.299999,40.330002,39.060001,40.049999,2576800,36.482449
2007-09-05,39.82,39.950001,38.82,39.009998,3332000,35.535089
2007-09-06,39.130001,39.290001,38.369999,38.459999,2594200,35.034082
2007-09-07,37.689999,38.279999,37.650002,38.119999,1763800,34.724368
2007-09-10,38.169998,38.25,37.279999,37.790001,2000400,34.423765
2007-09-11,37.860001,39.23,37.860001,39.18,2010500,35.689947
2007-09-12,38.970001,39.41,38.290001,38.310001,2008400,34.897446
2007-09-13,38.389999,39.27,38.360001,39.18,2310900,35.689947
2007-09-14,38.970001,39.59,38.740002,39.560001,2016100,36.036099
2007-09-17,39.779999,40.669998,39.700001,40.540001,3071800,36.928803
2007-09-18,40.48,41.68,40.0,41.459999,3348900,37.76685
2007-09-19,41.799999,42.080002,41.169998,41.400002,2134000,37.712196
2007-09-20,41.080002,42.02,41.080002,41.810001,2732000,38.085675
2007-09-21,41.869999,42.610001,41.869999,42.23,1908800,38.46826
2007-09-24,42.389999,43.200001,42.080002,42.18,2720900,38.422715
2007-09-25,41.93,42.52,41.68,42.23,2477700,38.46826
2007-09-26,42.310001,43.049999,42.310001,42.93,1737000,39.105907
2007-09-27,43.299999,43.98,43.150002,43.84,2752200,39.934846
2007-09-28,43.700001,44.18,43.099998,43.540001,1826600,39.66157
2007-10-01,43.52,44.240002,43.48,44.130001,3834400,40.199015
2007-10-02,44.07,44.16,42.68,42.799999,2593900,38.987486
2007-10-03,42.720001,43.740002,42.41,42.619999,1878100,38.82352
2007-10-04,42.75,43.5,42.400002,43.349998,3029200,39.488493
2007-10-05,43.639999,44.0,42.529999,42.75,2517400,38.941941
2007-10-08,42.52,42.73,41.990002,42.400002,1584800,38.623119
2007-10-09,42.599998,42.790001,42.18,42.790001,1404800,38.978378
2007-10-10,42.759998,42.950001,42.439999,42.639999,1159600,38.841739
2007-10-11,42.73,43.790001,42.720001,43.470001,2855800,39.597806
2007-10-12,43.799999,43.939999,43.259998,43.669998,1644900,39.779988
2007-10-15,43.57,43.889999,42.709999,43.049999,1421700,39.215217
2007-10-16,42.900002,43.299999,42.169998,42.560001,1819700,38.768867
2007-10-17,42.599998,42.900002,42.110001,42.700001,2107500,38.896395
2007-10-18,42.450001,42.84,42.25,42.720001,2218000,38.914614
2007-10-19,42.740002,42.98,41.509998,41.779999,2277500,38.058345
2007-10-22,41.349998,42.5,41.349998,42.380001,1568400,38.6049
2007-10-23,42.5,43.439999,42.5,43.240002,1705600,39.388294
2007-10-24,43.240002,43.369999,42.330002,43.369999,1880900,39.506712
2007-10-25,43.630001,44.68,43.25,44.630001,3405500,40.654476
2007-10-26,44.77,45.630001,44.77,45.279999,3825800,41.246574
2007-10-29,45.189999,46.529999,45.189999,46.34,3993700,42.212153
2007-10-30,46.119999,46.200001,44.889999,44.950001,2614600,40.945971
2007-10-31,44.650002,44.650002,43.549999,44.18,3965700,40.24456
2007-11-01,43.790001,44.43,42.189999,43.900002,3221400,39.989503
2007-11-02,45.400002,45.400002,43.5,45.240002,2426800,41.210139
2007-11-05,45.049999,45.700001,44.630001,45.18,1662000,41.155483
2007-11-06,45.25,46.049999,44.68,45.869999,2317700,41.784018
2007-11-07,44.689999,45.419998,43.610001,44.130001,3899600,40.199015
2007-11-08,44.060001,44.25,42.360001,43.189999,3479300,39.342745
2007-11-09,44.0,44.0,41.93,42.240002,10799600,38.477372
2007-11-12,42.169998,43.060001,41.5,42.130001,5046500,38.37717
2007-11-13,42.450001,43.290001,42.400002,42.66,7625000,38.859957
2007-11-14,42.950001,43.709999,42.549999,43.43,4891100,39.561368
2007-11-15,43.490002,44.490002,42.799999,44.25,6380500,40.308324
2007-11-16,44.34,45.599998,44.310001,45.0,65933700,40.991516
2007-11-19,44.98,45.419998,44.52,44.860001,6642000,40.863988
2007-11-20,44.5,45.369999,43.349998,44.029999,9222000,40.10792
2007-11-21,43.580002,44.029999,43.110001,43.599998,4328900,39.716223
2007-11-23,43.799999,44.5,43.740002,44.130001,1206800,40.199015
2007-11-26,44.220001,44.970001,43.77,43.849998,3120600,39.943954
2007-11-27,44.0,44.279999,43.450001,43.959999,4421700,40.044156
2007-11-28,44.200001,45.09,44.060001,44.630001,4739700,40.654476
2007-11-29,44.400002,45.82,44.25,45.540001,5805700,41.483415
2007-11-30,45.950001,46.200001,45.049999,45.540001,2618900,41.483415
2007-12-03,45.220001,45.619999,44.75,44.919998,3452200,40.918641
2007-12-04,44.389999,44.389999,42.360001,42.450001,6066100,38.668665
2007-12-05,42.110001,43.299999,41.759998,42.830002,4255500,39.014816
2007-12-06,42.810001,43.080002,41.720001,42.150002,4389600,38.395388
2007-12-07,42.150002,43.099998,41.75,42.68,6284400,38.878176
2007-12-10,42.880001,43.48,42.880001,43.220001,2102000,39.370075
2007-12-11,43.349998,43.470001,42.360001,42.419998,2802800,38.641334
2007-12-12,43.290001,43.290001,41.259998,41.900002,4335500,38.167658
2007-12-13,41.650002,41.830002,40.34,40.939999,4476600,37.293169
2007-12-14,40.77,41.049999,40.189999,40.849998,4657500,37.211186
2007-12-17,40.59,41.099998,40.080002,40.150002,4162800,36.573543
2007-12-18,40.560001,41.349998,40.080002,41.0,4054500,37.347826
2007-12-19,41.259998,41.91,40.950001,41.560001,2623800,37.857944
2007-12-20,41.919998,41.93,40.98,41.57,1914200,37.867052
2007-12-21,41.98,42.509998,41.599998,42.18,3224400,38.422715
2007-12-24,42.080002,42.669998,42.080002,42.52,624800,38.732429
2007-12-26,42.73,43.23,42.349998,42.889999,1337000,39.069469
2007-12-27,43.07,43.169998,42.099998,42.380001,1566400,38.6049
2007-12-28,42.880001,42.880001,42.049999,42.419998,1003900,38.641334
2007-12-31,42.25,42.720001,41.959999,42.599998,1570300,38.805301
2008-01-02,42.490002,42.720001,41.049999,41.240002,3144900,37.566449
2008-01-03,41.099998,41.25,39.959999,40.459999,4630600,36.855927
2008-01-04,40.0,40.209999,39.099998,39.380001,4752900,35.872132
2008-01-07,39.43,39.75,38.02,39.150002,3462300,35.662621
2008-01-08,39.43,39.970001,37.900002,38.0,3277000,34.615058
2008-01-09,38.049999,38.5,37.32,38.5,3787800,35.07052
2008-01-10,38.169998,39.669998,38.09,39.330002,3068000,35.826587
2008-01-11,39.34,40.110001,38.639999,39.029999,3608900,35.553307
2008-01-14,39.41,40.07,39.110001,39.970001,3141000,36.409577
2008-01-15,39.549999,40.200001,38.700001,39.060001,4499500,35.580637
2008-01-16,38.759998,39.41,38.279999,38.360001,4347300,34.942991
2008-01-17,38.549999,39.150002,38.049999,38.349998,10497900,34.93388
2008-01-18,38.669998,38.740002,34.759998,36.639999,12291400,33.376203
2008-01-22,34.799999,36.150002,32.099998,35.91,7372400,32.71123
2008-01-23,34.799999,35.970001,32.41,35.919998,12896000,32.720338
2008-01-24,35.91,38.23,35.849998,38.0,5952800,34.615058
2008-01-25,38.290001,38.509998,36.099998,36.18,5444000,32.957179
2008-01-28,36.310001,36.990002,36.0,36.919998,3886400,33.63126
2008-01-29,37.110001,39.290001,37.07,38.810001,5429900,35.352907
2008-01-30,38.73,39.5,37.5,37.689999,5439300,34.332671
2008-01-31,37.18,37.849998,36.52,37.43,7399400,34.095833
2008-02-01,37.389999,38.779999,36.880001,38.650002,3921500,35.207159
2008-02-04,38.650002,38.849998,38.189999,38.560001,3879700,35.125176
2008-02-05,38.09,38.560001,36.950001,36.950001,3882000,33.65859
2008-02-06,37.549999,38.880001,37.52,37.740002,5699000,34.37822
2008-02-07,37.290001,37.73,36.330002,37.110001,4145800,33.804338
2008-02-08,36.849998,38.189999,36.82,37.610001,2747200,34.259799
2008-02-11,37.91,38.82,37.459999,38.68,3790900,35.234486
2008-02-12,38.849998,39.669998,38.560001,39.310001,3429800,35.808368
2008-02-13,39.950001,40.09,38.650002,39.810001,2697500,36.263829
2008-02-14,39.610001,39.790001,38.639999,38.84,2668300,35.380233
2008-02-15,38.619999,39.02,38.209999,38.939999,1887200,35.471324
2008-02-19,39.470001,39.700001,38.93,39.139999,3129700,35.653509
2008-02-20,38.799999,39.779999,38.610001,39.48,3221200,35.963223
2008-02-21,39.540001,39.75,38.799999,38.93,2205400,35.462217
2008-02-22,39.16,40.18,38.5,39.799999,4709300,36.254718
2008-02-25,40.299999,40.59,39.389999,40.150002,3151700,36.573543
2008-02-26,39.889999,41.560001,39.509998,41.099998,3780700,37.438917
2008-02-27,40.759998,41.209999,40.130001,40.369999,2445000,36.773944
2008-02-28,40.299999,40.990002,40.119999,40.580002,2744300,36.96524
2008-02-29,40.209999,40.23,38.080002,38.439999,5757000,35.015863
2008-03-03,38.41,38.490002,37.709999,38.060001,3521100,34.669715
2008-03-04,37.66,37.900002,36.880001,37.639999,4844600,34.287126
2008-03-05,37.639999,38.490002,37.490002,38.02,4022700,34.633277
2008-03-06,37.98,38.0,37.139999,37.18,2487400,33.868102
2008-03-07,36.810001,37.57,36.16,36.790001,3045500,33.512843
2008-03-10,36.720001,36.720001,35.450001,35.5,3250500,32.337752
2008-03-11,36.23,36.900002,35.48,36.84,3897100,33.558388
2008-03-12,36.990002,37.139999,36.27,36.360001,2315000,33.121146
2008-03-13,35.93,37.849998,35.580002,37.310001,4843400,33.986523
2008-03-14,37.43,37.650002,36.52,37.389999,5132900,34.059395
2008-03-17,36.66,37.939999,36.529999,37.700001,6249100,34.341782
2008-03-18,38.41,39.32,37.700001,39.209999,5904600,35.717274
2008-03-19,39.470001,40.009998,38.939999,38.970001,5088400,35.498654
2008-03-20,39.02,39.610001,38.59,39.150002,4528300,35.662621
2008-03-24,39.150002,40.700001,39.0,40.060001,4205300,36.49156
2008-03-25,40.0,40.189999,39.310001,39.98,3494900,36.418685
2008-03-26,39.689999,41.049999,39.560001,40.540001,3144100,36.928803
2008-03-27,40.369999,41.299999,40.23,40.490002,3059400,36.883257
2008-03-28,40.490002,40.650002,38.68,38.939999,4204800,35.471324
2008-03-31,39.18,39.419998,38.32,39.209999,4049800,35.717274
2008-04-01,39.48,40.220001,39.029999,39.959999,3348000,36.400466
2008-04-02,40.259998,40.869999,40.040001,40.330002,3172100,36.73751
2008-04-03,40.189999,41.610001,39.959999,41.009998,3710100,37.356934
2008-04-04,41.0,41.110001,40.470001,40.66,2278800,37.038112
2008-04-07,40.740002,41.0,39.700001,40.029999,3907200,36.46423
2008-04-08,39.830002,40.549999,39.720001,40.529999,3247400,36.919691
2008-04-09,40.369999,40.709999,39.27,39.630001,2570000,36.099863
2008-04-10,39.990002,39.990002,38.959999,39.48,3123800,35.963223
2008-04-11,39.09,39.389999,38.740002,38.939999,3597700,35.471324
2008-04-14,38.779999,39.610001,38.599998,39.0,2050100,35.525981
2008-04-15,39.18,39.389999,38.529999,38.860001,2581000,35.398452
2008-04-16,39.32,40.07,39.119999,40.009998,3198700,36.446011
2008-04-17,39.959999,40.400002,39.48,39.849998,1882100,36.300264
2008-04-18,40.310001,41.450001,40.310001,40.990002,5045500,37.338718
2008-04-21,40.84,41.849998,40.689999,41.740002,2185100,38.02191
2008-04-22,41.75,41.75,40.849998,41.209999,2408100,37.539119
2008-04-23,41.509998,42.959999,41.43,42.689999,4867700,38.887284
2008-04-24,43.009998,43.810001,42.040001,43.470001,5193100,39.597806
2008-04-25,43.419998,43.68,42.5,43.580002,3600300,39.698008
2008-04-28,43.439999,43.919998,43.049999,43.400002,4476200,39.534042
2008-04-29,43.290001,43.369999,42.720001,43.07,3329600,39.233436
2008-04-30,43.080002,44.099998,43.080002,43.419998,3887500,39.552257
2008-05-01,43.439999,44.689999,43.139999,43.66,4778100,39.77088
2008-05-02,43.889999,44.959999,43.790001,44.259998,5878200,40.317432
2008-05-05,44.029999,44.029999,42.84,43.25,3701000,39.397402
2008-05-06,42.939999,44.060001,42.900002,43.98,2983700,40.062375
2008-05-07,44.290001,45.650002,43.630001,43.970001,8240000,40.053267
2008-05-08,44.41,44.43,43.66,43.990002,2368700,40.071486
2008-05-09,43.34,43.919998,43.279999,43.720001,1875000,39.825537
2008-05-12,43.57,44.52,43.57,44.5,3094800,40.536055
2008-05-13,44.630001,44.939999,44.279999,44.810001,3017000,40.818442
2008-05-14,44.919998,45.68,44.810001,45.380001,3144900,41.337668
2008-05-15,45.209999,45.720001,44.84,45.619999,2401800,41.556287
2008-05-16,45.720001,45.849998,45.080002,45.580002,2280100,41.519853
2008-05-19,45.689999,46.099998,45.25,45.549999,3110700,41.492523
2008-05-20,45.18,45.470001,44.59,44.959999,2529400,40.955079
2008-05-21,44.990002,45.200001,43.459999,43.740002,3663000,39.843755
2008-05-22,43.740002,44.209999,43.490002,43.73,2842100,39.834644
2008-05-23,43.450001,43.689999,43.209999,43.5,1523300,39.625133
2008-05-27,43.57,44.470001,43.5,44.32,2341900,40.372089
2008-05-28,44.41,44.98,44.25,44.869999,2327600,40.873096
2008-05-29,44.900002,45.540001,44.830002,45.18,2154800,41.155483
2008-05-30,45.580002,46.0,45.349998,45.720001,2979300,41.647382
2008-06-02,45.950001,45.950001,44.689999,44.880001,4016600,40.882207
2008-06-03,45.200001,45.419998,44.07,44.619999,3517400,40.645365
2008-06-04,43.470001,44.549999,42.959999,43.490002,4620600,39.616025
2008-06-05,43.73,44.07,42.459999,44.060001,3804600,40.13525
2008-06-06,43.18,43.18,41.740002,41.810001,6601000,38.085675
2008-06-09,41.82,42.939999,41.66,42.790001,4484800,38.978378
2008-06-10,42.25,44.27,42.099998,43.290001,5932900,39.43384
2008-06-11,42.98,43.41,42.080002,42.23,3472600,38.46826
2008-06-12,42.400002,43.18,42.060001,42.360001,3224000,38.586681
2008-06-13,42.400002,43.400002,42.360001,43.200001,6695300,39.351856
2008-06-16,42.759998,44.290001,42.549999,44.07,3374000,40.144358
2008-06-17,44.189999,44.84,44.080002,44.509998,2641900,40.545163
2008-06-18,44.23,44.419998,43.740002,44.060001,2184200,40.13525
2008-06-19,44.119999,44.5,43.759998,44.25,2721700,40.308324
2008-06-20,43.830002,44.139999,42.970001,43.299999,3329500,39.442947
2008-06-23,43.48,43.560001,41.77,42.029999,5543700,38.286075
2008-06-24,42.0,42.349998,41.139999,41.970001,3752400,38.231422
2008-06-25,41.98,43.400002,41.98,42.669998,3778600,38.869065
2008-06-26,42.130001,42.290001,41.310001,41.509998,4020100,37.812395
2008-06-27,41.700001,41.990002,40.959999,41.490002,4595800,37.79418
2008-06-30,41.48,42.580002,41.27,42.25,4794300,38.486479
2008-07-01,41.610001,41.740002,39.599998,40.580002,10231800,36.96524
2008-07-02,40.810001,41.07,39.299999,39.360001,5672300,35.853914
2008-07-03,40.380001,41.419998,39.529999,39.799999,5260700,36.254718
2008-07-07,39.889999,40.799999,39.639999,40.040001,5780200,36.473341
2008-07-08,40.0,40.75,39.900002,40.470001,4898600,36.865038
2008-07-09,40.400002,41.580002,39.849998,39.93,4116000,36.373139
2008-07-10,40.150002,41.439999,39.790001,41.23,5648900,37.557338
2008-07-11,40.599998,40.860001,39.630001,40.049999,6721100,36.482449
2008-07-14,40.450001,40.740002,39.66,39.869999,3423300,36.318483
2008-07-15,39.490002,40.689999,39.0,40.02,5275000,36.455122
2008-07-16,40.139999,40.240002,39.57,40.18,4005400,36.60087
2008-07-17,40.470001,40.790001,39.119999,39.740002,4441800,36.200065
2008-07-18,39.779999,40.0,39.139999,39.75,5458200,36.209173
2008-07-21,39.919998,40.259998,39.419998,39.57,2829900,36.045206
2008-07-22,39.43,39.450001,38.18,39.25,4806200,35.753712
2008-07-23,39.5,41.259998,39.380001,40.639999,5309400,37.019893
2008-07-24,40.689999,40.990002,39.77,39.869999,3157800,36.318483
2008-07-25,40.169998,41.740002,40.169998,41.389999,4556600,37.703085
2008-07-28,41.32,41.48,40.610001,40.84,2945500,37.202079
2008-07-29,41.09,41.509998,40.759998,41.34,2569800,37.65754
2008-07-30,42.139999,43.150002,40.709999,42.799999,7411600,38.987486
2008-07-31,42.75,43.07,41.650002,41.900002,5299100,38.167658
2008-08-01,41.77,42.25,40.860001,41.630001,4329800,37.921708
2008-08-04,41.610001,42.060001,40.66,41.080002,3377100,37.420702
2008-08-05,41.200001,41.310001,40.720001,41.259998,3829200,37.584664
2008-08-06,41.189999,42.549999,41.040001,42.27,4731600,38.504698
2008-08-07,42.029999,42.25,40.990002,41.07,3182200,37.41159
2008-08-08,41.099998,42.439999,41.099998,42.360001,2590700,38.586681
2008-08-11,42.400002,43.43,42.099998,43.02,3629100,39.18789
2008-08-12,42.98,43.330002,42.650002,42.759998,2277800,38.951048
2008-08-13,42.709999,43.02,42.040001,42.380001,1602700,38.6049
2008-08-14,42.389999,42.830002,42.0,42.540001,1615700,38.750648
2008-08-15,42.630001,42.810001,42.139999,42.290001,3120300,38.522917
2008-08-18,42.25,42.540001,41.16,41.330002,3445200,37.648432
2008-08-19,40.93,41.040001,39.860001,39.950001,4541600,36.391358
2008-08-20,40.310001,40.75,39.619999,39.759998,3448000,36.218281
2008-08-21,39.580002,40.560001,39.34,40.34,2528800,36.746617
2008-08-22,40.57,41.290001,40.5,40.91,2061100,37.265843
2008-08-25,40.610001,40.919998,40.0,40.080002,1626900,36.509779
2008-08-26,39.990002,40.720001,39.990002,40.5,1768200,36.892365
2008-08-27,40.5,41.34,40.48,41.139999,2297500,37.475355
2008-08-28,41.34,42.080002,41.220001,41.93,1920300,38.194984
2008-08-29,41.84,41.93,41.290001,41.330002,2191900,37.648432
2008-09-02,42.130001,42.18,40.939999,41.16,2998500,37.493574
2008-09-03,41.27,41.43,39.790001,40.200001,5064800,36.619089
2008-09-04,39.849998,40.009998,38.599998,38.68,4779900,35.234486
2008-09-05,38.509998,38.93,37.610001,38.77,5857300,35.316469
2008-09-08,40.189999,40.189999,38.599998,39.959999,5340100,36.400466
2008-09-09,39.689999,40.740002,38.200001,38.619999,6507700,35.179829
2008-09-10,38.919998,39.080002,38.18,38.32,5152900,34.906553
2008-09-11,38.099998,38.880001,37.41,38.779999,3767400,35.325577
2008-09-12,38.59,39.540001,38.02,39.34,2814600,35.835695
2008-09-15,38.540001,39.09,37.200001,37.490002,4080500,34.150489
2008-09-16,37.119999,38.490002,36.34,38.169998,6660900,34.769913
2008-09-17,38.16,38.169998,35.290001,35.41,5817900,32.255769
2008-09-18,35.950001,39.799999,31.889999,38.889999,11043700,35.425779
2008-09-19,40.0,43.380001,36.23,39.709999,8458200,36.172735
2008-09-22,39.700001,39.700001,37.099998,37.290001,2777900,33.968304
2008-09-23,37.459999,37.52,35.349998,35.549999,5469000,32.383297
2008-09-24,35.740002,36.119999,34.900002,35.389999,3417400,32.23755
2008-09-25,35.360001,38.389999,35.360001,38.099998,6380500,34.706149
2008-09-26,37.380001,38.25,36.52,38.189999,5836400,34.788132
2008-09-29,37.389999,37.59,32.860001,34.200001,10897200,31.153553
2008-09-30,35.049999,36.59,34.349998,35.970001,8990300,32.765887
2008-10-01,35.970001,37.279999,35.060001,35.830002,6589200,32.638358
2008-10-02,35.599998,36.040001,33.189999,33.560001,5802300,30.570563
2008-10-03,34.139999,36.18,34.02,34.630001,8947300,31.54525
2008-10-06,33.77,34.150002,31.0,33.369999,8468500,30.397486
2008-10-07,33.889999,35.509998,31.379999,31.459999,6264900,28.657624
2008-10-08,30.67,34.02,29.33,33.150002,9626400,30.197085
2008-10-09,33.810001,35.93,30.540001,30.809999,6518500,28.065524
2008-10-10,29.440001,31.58,27.059999,29.6,9809600,26.963309
2008-10-13,32.279999,34.060001,30.610001,33.970001,8660100,30.944041
2008-10-14,35.400002,35.810001,32.0,32.98,8284400,30.042226
2008-10-15,32.299999,33.5,29.41,30.01,7160900,27.336787
2008-10-16,30.07,32.52,29.15,32.130001,9344600,29.267944
2008-10-17,31.200001,34.790001,30.780001,33.810001,9469900,30.798294
2008-10-20,34.23,34.73,32.43,33.07,6935800,30.12421
2008-10-21,33.049999,33.529999,30.959999,31.15,5165200,28.375238
2008-10-22,30.860001,31.0,28.32,29.26,6028100,26.653595
2008-10-23,29.5,29.85,26.110001,27.75,7617500,25.278102
2008-10-24,24.85,28.120001,22.34,27.129999,7681300,24.713329
2008-10-27,26.82,28.17,26.040001,26.82,5217900,24.430944
2008-10-28,27.67,30.4,27.15,30.35,6646400,27.646501
2008-10-29,30.15,31.74,29.059999,29.08,7457600,26.489629
2008-10-30,30.469999,31.040001,29.459999,30.02,6108600,27.345896
2008-10-31,30.389999,32.950001,29.940001,32.310001,8004500,29.43191
2008-11-03,32.970001,33.349998,32.279999,32.610001,4338600,29.705186
2008-11-04,33.240002,34.650002,31.73,32.419998,5335900,29.532109
2008-11-05,32.400002,32.830002,30.959999,31.02,4087000,28.256819
2008-11-06,31.02,31.309999,29.190001,29.98,4380700,27.309459
2008-11-07,30.16,31.299999,29.42,30.57,3935300,27.846903
2008-11-10,31.139999,31.290001,28.91,29.57,3749900,26.935981
2008-11-11,29.35,29.530001,27.719999,28.059999,3922200,25.560487
2008-11-12,27.290001,28.049999,25.870001,26.17,5837300,23.838844
2008-11-13,26.139999,27.24,24.58,27.219999,7652400,24.795312
2008-11-14,26.690001,28.09,26.370001,26.639999,5576300,24.266977
2008-11-17,26.219999,26.379999,24.33,24.75,5831900,22.545334
2008-11-18,24.5,24.98,22.73,24.059999,6221700,21.916797
2008-11-19,23.93,24.23,21.51,21.58,6099000,19.657709
2008-11-20,21.26,22.110001,19.889999,20.139999,8348700,18.34598
2008-11-21,20.620001,21.049999,19.35,20.92,6694500,19.056501
2008-11-24,21.41,25.780001,21.33,25.15,7957400,22.909703
2008-11-25,26.15,27.75,23.93,25.09,7573800,22.855048
2008-11-26,24.799999,27.75,24.110001,27.18,7058000,24.758876
2008-11-28,27.16,27.32,26.280001,27.24,2026200,24.813531
2008-12-01,26.59,26.59,24.950001,25.43,4192000,23.164762
2008-12-02,25.950001,27.610001,25.42,27.18,4349200,24.758876
2008-12-03,26.34,27.969999,25.76,27.83,4295400,25.350976
2008-12-04,27.42,28.950001,27.32,27.889999,4211600,25.40563
2008-12-05,27.33,29.76,26.49,29.620001,3967600,26.981528
2008-12-08,30.0,30.25,28.83,29.110001,4865700,26.516957
2008-12-09,28.620001,29.120001,26.459999,27.389999,7679100,24.950169
2008-12-10,27.540001,28.98,27.48,27.870001,3507100,25.387413
2008-12-11,27.65,28.77,26.799999,27.469999,5789200,25.023043
2008-12-12,26.68,27.559999,26.51,26.82,4474500,24.430944
2008-12-15,26.93,27.379999,25.74,26.33,3546700,23.984592
2008-12-16,26.57,28.4,26.33,28.27,4730200,25.751782
2008-12-17,27.700001,29.33,27.549999,28.68,3408900,26.12526
2008-12-18,28.25,29.110001,27.440001,28.379999,4863600,25.851982
2008-12-19,28.549999,29.809999,28.549999,29.450001,5419600,26.826671
2008-12-22,29.469999,29.629999,27.129999,27.68,3844700,25.214337
2008-12-23,28.299999,28.66,27.34,27.799999,2842600,25.323647
2008-12-24,28.1,28.26,27.190001,27.76,892000,25.287211
2008-12-26,27.91,28.35,27.799999,28.280001,1276200,25.760891
2008-12-29,27.98,28.07,27.040001,27.450001,1802100,25.004826
2008-12-30,27.66,28.65,27.370001,28.25,2821800,25.733563
2008-12-31,28.200001,29.77,28.139999,29.32,3105800,26.70825
2009-01-02,29.959999,30.34,28.4,30.190001,2810000,27.500753
2009-01-05,29.93,30.629999,29.620001,30.07,4966400,27.391442
2009-01-06,30.34,30.85,29.34,30.23,4424100,27.537189
2009-01-07,29.709999,29.799999,28.51,29.059999,4234600,26.47141
2009-01-08,28.950001,29.040001,27.969999,28.870001,4907300,26.298336
2009-01-09,28.950001,29.469999,28.0,28.389999,3817100,25.861092
2009-01-12,28.299999,28.52,27.51,28.02,2888300,25.524051
2009-01-13,27.950001,28.66,27.57,28.469999,4752500,25.933965
2009-01-14,27.889999,28.530001,27.389999,28.07,5525000,25.569597
2009-01-15,28.52,29.0,27.34,28.66,6411000,26.107041
2009-01-16,29.5,29.6,28.43,29.07,4291300,26.480519
2009-01-20,28.85,28.950001,27.92,27.950001,4526300,25.460287
2009-01-21,28.07,29.610001,27.93,29.559999,3718500,26.926871
2009-01-22,28.870001,30.26,28.870001,29.780001,3378500,27.127275
2009-01-23,28.959999,30.26,28.68,30.120001,2767000,27.436989
2009-01-26,30.200001,31.120001,29.58,30.0,5647500,27.327678
2009-01-27,30.4,30.6,29.34,30.25,3365500,27.555408
2009-01-28,30.959999,32.09,30.389999,32.0,4944000,29.149523
2009-01-29,31.27,31.91,31.030001,31.219999,2798500,28.439003
2009-01-30,31.26,31.65,29.82,30.34,4468500,27.637391
2009-02-02,29.959999,30.52,29.41,30.25,3261300,27.555408
2009-02-03,30.27,30.83,30.09,30.6,3656700,27.874232
2009-02-04,30.75,31.309999,29.969999,30.24,1984600,27.546299
2009-02-05,29.790001,30.860001,29.110001,30.639999,4503600,27.910668
2009-02-06,30.41,31.24,29.84,30.200001,5441400,27.509863
2009-02-09,29.91,30.17,29.35,30.040001,2790700,27.364115
2009-02-10,29.82,30.35,28.73,28.91,3847000,26.334772
2009-02-11,28.98,29.360001,28.379999,28.92,2114500,26.343881
2009-02-12,28.4,28.870001,27.959999,28.860001,3836600,26.289226
2009-02-13,28.889999,29.5,28.719999,28.85,2389200,26.280117
2009-02-17,27.98,28.129999,27.08,27.23,3831100,24.804422
2009-02-18,27.379999,27.559999,26.27,26.93,4653400,24.531146
2009-02-19,26.57,27.52,26.15,26.25,4428600,23.911718
2009-02-20,25.809999,27.02,25.530001,26.6,4696900,24.230541
2009-02-23,27.139999,27.139999,25.57,25.690001,4830000,23.401602
2009-02-24,25.75,27.379999,25.450001,27.25,5222300,24.82264
2009-02-25,27.049999,27.5,26.08,26.82,6080000,24.430944
2009-02-26,27.790001,30.190001,27.49,28.799999,9093400,26.23457
2009-02-27,28.51,29.68,27.9,29.120001,6142600,26.526066
2009-03-02,28.58,29.25,27.620001,27.860001,4812800,25.378304
2009-03-03,28.27,28.27,26.85,27.35,5537900,24.913733
2009-03-04,27.879999,28.66,27.440001,28.209999,6445600,25.697125
2009-03-05,27.34,27.85,27.110001,27.35,5053000,24.913733
2009-03-06,27.6,28.0,26.6,27.280001,4230600,24.849969
2009-03-09,26.75,27.690001,26.59,26.870001,2983800,24.476491
2009-03-10,27.48,28.48,27.01,28.389999,5823900,25.861092
2009-03-11,28.57,29.620001,28.040001,29.299999,4337300,26.690031
2009-03-12,28.639999,30.0,27.92,29.860001,5973300,27.200149
2009-03-13,29.9,29.959999,28.459999,29.24,3802800,26.635376
2009-03-16,29.469999,29.93,28.969999,29.040001,3746300,26.453193
2009-03-17,29.5,30.200001,29.040001,30.200001,3435400,27.509863
2009-03-18,30.129999,31.209999,29.9,31.0,5057900,28.2386
2009-03-19,31.450001,31.469999,30.5,30.83,3835400,28.083743
2009-03-20,30.959999,31.67,30.49,30.6,4809300,27.874232
2009-03-23,31.370001,32.139999,30.799999,32.119999,3671600,29.258833
2009-03-24,31.75,32.529999,31.73,32.02,3805800,29.167742
2009-03-25,32.349998,32.450001,30.969999,31.91,3979300,29.06754
2009-03-26,32.279999,32.360001,31.49,31.719999,4570500,28.894464
2009-03-27,31.32,32.259998,31.32,32.009998,3438800,29.15863
2009-03-30,31.34,31.49,30.200001,30.469999,3547400,27.755811
2009-03-31,30.82,31.0,30.34,30.43,3557100,27.719375
2009-04-01,30.23,31.73,29.75,31.540001,5686400,28.730499
2009-04-02,32.509998,33.900002,31.879999,33.139999,6865600,30.187974
2009-04-03,33.5,34.52,33.25,34.389999,4095300,31.326627
2009-04-06,33.34,33.950001,31.559999,32.689999,5414400,29.778058
2009-04-07,32.189999,32.290001,31.67,31.780001,3137500,28.94912
2009-04-08,31.809999,32.439999,31.540001,31.870001,2633200,29.031104
2009-04-09,32.720001,33.540001,32.110001,32.82,3186200,29.896479
2009-04-13,32.59,32.889999,31.700001,32.220001,2604400,29.349927
2009-04-14,31.82,32.23,30.1,30.91,5541400,28.156617
2009-04-15,30.82,32.490002,30.450001,32.450001,4918700,29.559439
2009-04-16,32.43,33.380001,32.209999,33.16,3432600,30.206193
2009-04-17,33.259998,33.439999,32.619999,32.900002,2950100,29.969354
2009-04-20,32.400002,32.619999,31.51,31.549999,2256200,28.739607
2009-04-21,31.299999,32.330002,31.17,32.23,3005800,29.359035
2009-04-22,31.99,32.709999,31.690001,32.009998,2414700,29.15863
2009-04-23,32.0,32.189999,31.219999,31.99,2966200,29.140413
2009-04-24,32.34,33.02,32.0,32.790001,3914400,29.869152
2009-04-27,32.310001,33.25,32.02,32.93,3088000,29.996681
2009-04-28,32.799999,33.02,31.950001,32.540001,3130400,29.641422
2009-04-29,33.810001,33.810001,32.5,33.290001,3236900,30.324614
2009-04-30,33.509998,33.98,31.34,31.76,6605000,28.930902
2009-05-01,31.66,32.220001,30.620001,30.809999,4412300,28.065524
2009-05-04,30.809999,31.08,29.51,29.84,7570400,27.18193
2009-05-05,29.780001,31.120001,29.15,31.030001,8275400,28.265928
2009-05-06,31.32,31.549999,30.23,31.110001,7325300,28.338802
2009-05-07,31.459999,31.459999,29.5,30.01,7044400,27.336787
2009-05-08,30.219999,30.68,29.139999,29.48,4540600,26.853997
2009-05-11,29.120001,29.889999,28.860001,29.59,3171900,26.954199
2009-05-12,29.68,29.99,28.450001,28.950001,4277700,26.37121
2009-05-13,28.540001,28.74,27.969999,28.059999,4814500,25.560487
2009-05-14,28.129999,29.07,28.0,28.889999,5187000,26.316553
2009-05-15,29.030001,29.030001,27.93,28.209999,5099300,25.697125
2009-05-18,29.02,30.299999,28.940001,30.280001,5153500,27.582737
2009-05-19,30.5,30.530001,29.99,30.129999,2941600,27.446097
2009-05-20,30.440001,30.870001,29.879999,29.98,3030100,27.309459
2009-05-21,29.66,29.889999,28.889999,29.4,2518800,26.781124
2009-05-22,29.379999,29.879999,29.030001,29.540001,2316600,26.908654
2009-05-26,29.26,30.92,29.02,30.48,3487300,27.76492
2009-05-27,30.709999,31.51,30.200001,30.629999,3291100,27.901558
2009-05-28,30.68,31.49,30.42,31.18,3133600,28.402567
2009-05-29,31.190001,31.91,31.07,31.870001,3140300,29.031104
2009-06-01,32.41,32.5,31.790001,32.209999,3167900,29.340816
2009-06-02,32.049999,32.490002,31.540001,32.049999,3493500,29.195068
2009-06-03,31.940001,31.940001,30.77,31.030001,3143500,28.265928
2009-06-04,31.139999,31.41,30.469999,30.85,4636300,28.101962
2009-06-05,31.23,31.469999,30.24,30.49,4326600,27.774029
2009-06-08,30.07,30.1,29.35,29.709999,6048400,27.063509
2009-06-09,29.9,30.99,29.51,30.66,3961800,27.928886
2009-06-10,31.09,31.200001,29.879999,30.190001,5279300,27.500753
2009-06-11,30.15,30.75,29.92,30.23,2922600,27.537189
2009-06-12,30.139999,30.43,29.9,30.43,2893200,27.719375
2009-06-15,30.26,30.26,29.5,29.879999,2925400,27.218366
2009-06-16,29.99,30.15,29.34,29.450001,2843600,26.826671
2009-06-17,29.51,29.709999,29.209999,29.280001,3222200,26.671814
2009-06-18,29.280001,29.719999,29.1,29.59,3150200,26.954199
2009-06-19,29.76,30.049999,29.58,29.65,3189800,27.008854
2009-06-22,29.48,29.58,29.02,29.209999,4306100,26.608048
2009-06-23,29.33,29.940001,29.209999,29.83,3653200,27.172821
2009-06-24,30.610001,31.99,30.58,31.639999,5837000,28.82159
2009-06-25,31.629999,32.220001,31.25,32.060001,3658200,29.204179
2009-06-26,31.83,32.23,31.629999,31.870001,4366900,29.031104
2009-06-29,32.029999,32.459999,31.639999,32.220001,2443500,29.349927
2009-06-30,32.220001,32.369999,31.32,31.530001,3282100,28.72139
2009-07-01,31.68,31.93,31.450001,31.65,2481100,28.8307
2009-07-02,31.209999,31.209999,30.620001,30.98,3553900,28.220381
2009-07-06,30.799999,30.799999,30.25,30.67,2911200,27.937996
2009-07-07,30.610001,30.879999,29.889999,30.1,3649000,27.41877
2009-07-08,30.17,30.530001,29.959999,30.27,3522900,27.573627
2009-07-09,30.48,31.139999,30.02,30.92,3644600,28.165726
2009-07-10,30.870001,31.129999,30.360001,30.780001,3377700,28.038198
2009-07-13,30.99,31.66,30.59,31.629999,4110200,28.812481
2009-07-14,31.57,31.9,31.219999,31.83,2316600,28.994666
2009-07-15,32.130001,32.73,31.99,32.720001,3968700,29.805388
2009-07-16,32.599998,32.900002,32.380001,32.610001,3526400,29.705186
2009-07-17,32.77,32.779999,31.76,32.220001,3121500,29.349927
2009-07-20,32.380001,32.700001,32.279999,32.459999,3899000,29.568546
2009-07-21,32.599998,33.0,31.780001,32.330002,3426900,29.450129
2009-07-22,32.34,32.959999,32.119999,32.709999,2652600,29.796277
2009-07-23,32.700001,33.880001,32.5,33.77,2718700,30.761856
2009-07-24,33.330002,33.779999,33.189999,33.48,2834300,30.497688
2009-07-27,33.419998,33.880001,33.130001,33.439999,2860800,30.46125
2009-07-28,33.16,33.950001,33.029999,33.529999,2807000,30.543233
2009-07-29,32.970001,33.32,32.139999,33.290001,4234400,30.324614
2009-07-30,33.740002,34.639999,33.650002,34.369999,3519300,31.308408
2009-07-31,34.209999,34.630001,34.040001,34.09,3172800,31.053351
2009-08-03,34.439999,34.900002,34.0,34.900002,2481300,31.7912
2009-08-04,34.639999,34.84,34.16,34.41,3126100,31.344846
2009-08-05,34.419998,34.599998,33.330002,33.52,3047300,30.534126
2009-08-06,33.549999,33.830002,32.689999,32.779999,3985700,29.860041
2009-08-07,33.220001,33.220001,31.780001,32.27,6315500,29.395472
2009-08-10,32.299999,32.52,32.16,32.369999,3100500,29.486563
2009-08-11,32.240002,32.48,32.060001,32.259998,2023900,29.386361
2009-08-12,32.110001,32.740002,32.110001,32.259998,2669100,29.386361
2009-08-13,32.189999,32.93,32.099998,32.52,3798800,29.623203
2009-08-14,32.389999,32.459999,31.9,32.130001,2197600,29.267944
2009-08-17,31.709999,32.110001,31.51,31.719999,2945400,28.894464
2009-08-18,31.83,32.48,31.58,32.450001,2984800,29.559439
2009-08-19,32.02,32.470001,31.9,32.360001,2546400,29.477455
2009-08-20,32.299999,33.049999,32.259998,33.029999,1940000,30.087772
2009-08-21,33.189999,33.470001,32.849998,33.119999,3152200,30.169755
2009-08-24,33.189999,33.25,32.689999,32.790001,2168100,29.869152
2009-08-25,33.02,33.200001,32.48,32.52,2338800,29.623203
2009-08-26,32.48,32.68,32.119999,32.450001,4191300,29.559439
2009-08-27,32.599998,32.619999,32.0,32.240002,3035800,29.368146
2009-08-28,32.599998,32.599998,31.93,32.110001,2186700,29.249725
2009-08-31,31.84,32.130001,31.51,31.65,3660300,28.8307
2009-09-01,31.66,31.889999,31.02,31.09,3588900,28.320583
2009-09-02,31.040001,31.32,30.85,30.98,1733900,28.220381
2009-09-03,31.200001,32.029999,31.110001,31.99,4121400,29.140413
2009-09-04,32.029999,33.549999,32.029999,33.380001,4513000,30.406597
2009-09-08,33.689999,34.32,33.490002,34.279999,5246900,31.226425
2009-09-09,34.240002,34.41,33.889999,34.27,3746000,31.217317
2009-09-10,34.310001,34.959999,34.139999,34.959999,3724200,31.845853
2009-09-11,35.18,35.650002,34.93,35.43,4463000,32.273988
2009-09-14,34.509998,35.27,34.029999,34.799999,7364900,31.700105
2009-09-15,34.860001,35.59,34.529999,35.450001,4099300,32.292206
2009-09-16,36.209999,36.27,35.169998,35.779999,5125000,32.592809
2009-09-17,35.709999,36.689999,35.669998,36.689999,5175500,33.421748
2009-09-18,36.939999,37.709999,36.740002,37.630001,8120200,34.278018
2009-09-21,37.310001,37.59,36.98,37.369999,3732400,34.041176
2009-09-22,37.669998,37.700001,37.25,37.32,2638700,33.995631
2009-09-23,37.549999,37.66,36.900002,37.200001,3039700,33.886321
2009-09-24,37.330002,37.560001,36.310001,36.400002,4609300,33.157584
2009-09-25,36.18,36.630001,35.880001,36.389999,4025900,33.148472
2009-09-28,36.57,36.970001,36.400002,36.849998,2213000,33.567496
2009-09-29,36.860001,36.950001,36.290001,36.389999,2846500,33.148472
2009-09-30,36.68,36.830002,35.93,36.400002,4519200,33.157584
2009-10-01,35.549999,35.950001,35.23,35.380001,5025100,32.228442
2009-10-02,35.09,36.130001,35.029999,35.650002,3937900,32.474392
2009-10-05,35.779999,36.490002,35.669998,36.439999,2895600,33.194018
2009-10-06,36.5,37.369999,36.459999,37.25,5419500,33.931866
2009-10-07,37.240002,37.240002,36.700001,36.91,2273200,33.622153
2009-10-08,37.049999,37.27,36.400002,36.610001,3628500,33.348876
2009-10-09,36.439999,36.779999,36.41,36.68,2215100,33.412641
2009-10-12,36.73,37.75,36.73,37.73,3753500,34.369109
2009-10-13,37.639999,37.75,37.110001,37.169998,3467500,33.858991
2009-10-14,37.650002,38.150002,37.330002,38.119999,5043300,34.724368
2009-10-15,38.0,40.200001,38.0,40.040001,9621700,36.473341
2009-10-16,39.880001,39.880001,39.310001,39.450001,3185200,35.935897
2009-10-19,39.939999,40.32,39.450001,40.080002,2558600,36.509779
2009-10-20,40.439999,40.540001,38.950001,39.630001,4504900,36.099863
2009-10-21,39.57,40.450001,38.889999,38.950001,3556000,35.480435
2009-10-22,38.959999,39.41,38.68,39.060001,2533900,35.580637
2009-10-23,39.400002,39.490002,38.330002,38.459999,2129000,35.034082
2009-10-26,38.450001,39.299999,37.98,38.130001,2351000,34.733479
2009-10-27,38.02,38.5,37.75,37.759998,2186500,34.396435
2009-10-28,37.610001,37.779999,36.880001,37.279999,4460000,33.959193
2009-10-29,37.529999,38.310001,37.48,38.240002,2991900,34.833681
2009-10-30,38.139999,38.23,36.790001,36.82,2947000,33.540169
2009-11-02,37.119999,37.720001,36.549999,37.130001,3676100,33.822557
2009-11-03,36.740002,38.509998,36.150002,38.419998,4253500,34.997644
2009-11-04,38.25,39.25,37.68,38.349998,3489500,34.93388
2009-11-05,38.75,39.23,38.459999,38.700001,1945200,35.252705
2009-11-06,38.700001,38.869999,38.400002,38.759998,2077800,35.307358
2009-11-09,39.110001,39.810001,39.110001,39.720001,2326500,36.181846
2009-11-10,39.540001,40.040001,39.389999,39.66,1864600,36.12719
2009-11-11,39.880001,40.099998,39.369999,39.990002,3088000,36.427796
2009-11-12,40.099998,40.099998,39.25,39.419998,2088900,35.908567
2009-11-13,39.380001,39.919998,39.150002,39.77,1435900,36.227392
2009-11-16,39.93,40.540001,39.720001,40.52,2171300,36.910584
2009-11-17,40.34,41.23,40.110001,41.139999,2196600,37.475355
2009-11-18,41.200001,41.299999,40.709999,40.939999,1970600,37.293169
2009-11-19,40.740002,40.75,39.900002,40.419998,2572900,36.819489
2009-11-20,40.110001,40.790001,39.759998,40.639999,2758300,37.019893
2009-11-23,41.209999,41.779999,40.59,40.799999,2698400,37.165641
2009-11-24,40.75,40.970001,40.419998,40.810001,2524900,37.174752
2009-11-25,40.889999,41.299999,40.700001,41.25,3167100,37.575557
2009-11-27,40.189999,41.25,40.049999,40.880001,1044800,37.238516
2009-11-30,40.959999,40.970001,40.43,40.919998,2129900,37.274951
2009-12-01,41.110001,41.860001,40.919998,41.669998,2288500,37.958143
2009-12-02,41.549999,42.419998,41.360001,41.540001,2332700,37.839725
2009-12-03,41.709999,41.900002,40.98,40.990002,2363900,37.338718
2009-12-04,41.599998,42.130001,40.75,41.0,3487700,37.347826
2009-12-07,41.130001,41.130001,40.189999,40.32,3863500,36.728398
2009-12-08,40.060001,40.139999,39.060001,39.169998,5344600,35.680836
2009-12-09,39.27,39.41,38.93,39.369999,3530000,35.863021
2009-12-10,39.57,40.549999,39.57,40.099998,3014300,36.527994
2009-12-11,40.34,40.349998,39.93,40.040001,1766400,36.473341
2009-12-14,40.48,40.990002,40.279999,40.82,2347300,37.18386
2009-12-15,40.599998,41.360001,40.509998,40.950001,2421900,37.302281
2009-12-16,41.23,41.849998,41.200001,41.580002,2886300,37.876163
2009-12-17,41.5,42.07,41.299999,41.66,2595600,37.949035
2009-12-18,41.779999,42.16,41.639999,42.119999,3716200,38.368058
2009-12-21,42.77,43.0,42.43,42.66,1971100,38.859957
2009-12-22,42.849998,43.040001,42.509998,43.040001,1646200,39.206109
2009-12-23,43.279999,43.41,42.509998,42.939999,1717300,39.115015
2009-12-24,43.18,43.549999,43.07,43.419998,795700,39.552257
2009-12-28,43.59,43.709999,43.380001,43.470001,3183600,39.597806
2009-12-29,43.73,43.73,43.139999,43.18,1918600,39.333638
2009-12-30,43.099998,43.400002,42.880001,43.310001,1283500,39.452058
2009-12-31,43.349998,43.84,43.099998,43.209999,2123400,39.360964
2010-01-04,43.490002,43.889999,43.279999,43.459999,2750500,39.588695
2010-01-05,43.5,44.25,43.400002,44.18,2575800,40.24456
2010-01-06,44.240002,44.560001,43.77,44.41,3215300,40.454072
2010-01-07,44.43,44.57,44.009998,44.290001,2615000,40.344762
2010-01-08,44.380001,44.57,44.009998,44.380001,1934600,40.426745
2010-01-11,44.869999,44.900002,43.66,43.98,3276000,40.062375
2010-01-12,43.75,43.939999,43.009998,43.439999,2973600,39.570476
2010-01-13,43.610001,44.470001,43.610001,44.360001,2799900,40.408527
2010-01-14,44.349998,44.66,44.040001,44.610001,4387600,40.636257
2010-01-15,44.490002,45.0,43.799999,44.0,3130300,40.080594
2010-01-19,44.060001,44.380001,43.77,44.189999,1995700,40.253668
2010-01-20,44.02,44.43,43.779999,44.330002,3053000,40.3812
2010-01-21,44.419998,44.5,43.779999,43.98,3301000,40.062375
2010-01-22,43.830002,44.59,42.07,42.18,4021100,38.422715
2010-01-25,42.560001,43.5,42.560001,43.200001,3857100,39.351856
2010-01-26,43.169998,43.169998,42.150002,42.540001,3730800,38.750648
2010-01-27,42.580002,42.810001,41.810001,42.66,3584400,38.859957
2010-01-28,42.740002,43.310001,41.869999,42.32,3739600,38.550244
2010-01-29,42.389999,42.810001,42.240002,42.450001,3757100,38.668665
2010-02-01,42.950001,43.150002,42.279999,43.080002,2711800,39.242547
2010-02-02,43.07,43.09,42.279999,43.029999,2360800,39.196998
2010-02-03,42.950001,43.369999,42.66,42.790001,3047700,38.978378
2010-02-04,42.630001,42.630001,41.0,41.02,3757500,37.366045
2010-02-05,40.959999,41.060001,39.459999,40.099998,7923800,36.527994
2010-02-08,40.029999,41.18,40.0,40.669998,4943200,37.04722
2010-02-09,41.279999,41.630001,40.830002,41.450001,4121300,37.757742
2010-02-10,41.5,41.919998,41.25,41.59,3020500,37.885271
2010-02-11,41.599998,42.759998,41.259998,42.52,2959900,38.732429
2010-02-12,42.259998,42.880001,42.029999,42.619999,2758300,38.82352
2010-02-16,42.919998,43.41,42.919998,43.360001,2839400,39.497604
2010-02-17,43.5,43.810001,43.310001,43.709999,2247900,39.816425
2010-02-18,43.619999,43.830002,43.200001,43.389999,2924700,39.52493
2010-02-19,43.25,44.279999,43.110001,43.919998,3065200,40.007718
2010-02-22,44.080002,44.080002,43.349998,43.779999,2535100,39.88019
2010-02-23,43.709999,43.709999,42.48,42.810001,4557400,38.996597
2010-02-24,42.869999,43.099998,41.650002,42.619999,6001800,38.82352
2010-02-25,42.34,42.919998,41.799999,42.799999,4325600,38.987486
2010-02-26,42.810001,42.959999,42.169998,42.66,4030100,38.859957
2010-03-01,42.779999,43.310001,42.77,42.93,2656600,39.105907
2010-03-02,43.07,43.299999,42.700001,42.779999,3801400,38.969267
2010-03-03,42.810001,43.43,42.57,42.98,2697200,39.151452
2010-03-04,43.119999,43.150002,42.529999,42.959999,2586900,39.133234
2010-03-05,43.169998,43.549999,43.049999,43.41,1992600,39.543149
2010-03-08,43.25,43.450001,42.380001,42.450001,4482000,38.668665
2010-03-09,42.220001,43.27,42.130001,42.889999,4712500,39.069469
2010-03-10,42.860001,43.25,42.740002,43.110001,2098100,39.269873
2010-03-11,43.0,43.5,42.799999,43.5,2309100,39.625133
2010-03-12,43.540001,43.799999,43.330002,43.380001,3540100,39.515823
2010-03-15,43.119999,43.57,42.93,43.34,2748300,39.479385
2010-03-16,43.310001,44.439999,43.299999,44.259998,4366600,40.317432
2010-03-17,44.27,44.290001,43.959999,44.25,3143500,40.308324
2010-03-18,44.25,44.5,43.740002,44.009998,3211700,40.089702
2010-03-19,44.290001,44.419998,43.990002,44.290001,3288400,40.344762
2010-03-22,43.970001,44.459999,43.810001,44.25,2887300,40.308324
2010-03-23,44.299999,44.68,44.200001,44.57,2728000,40.599819
2010-03-24,44.560001,44.849998,43.950001,44.470001,3220700,40.508729
2010-03-25,44.549999,44.619999,42.330002,42.459999,11561400,38.677772
2010-03-26,42.57,42.810001,41.360001,41.650002,8362100,37.939927
2010-03-29,41.889999,43.0,41.889999,42.77,5162100,38.960159
2010-03-30,42.560001,42.869999,42.5,42.779999,6004900,38.969267
2010-03-31,42.599998,43.130001,42.41,42.610001,3150800,38.814412
2010-04-01,42.91,43.290001,42.369999,42.700001,3596900,38.896395
2010-04-05,42.77,43.439999,42.689999,43.32,2581900,39.461166
2010-04-06,43.189999,43.189999,42.759998,42.810001,3148600,38.996597
2010-04-07,42.669998,42.669998,41.599998,41.830002,6299000,38.103893
2010-04-08,42.049999,42.07,41.52,42.029999,5007100,38.286075
2010-04-09,42.07,42.779999,42.02,42.619999,4283900,38.82352
2010-04-12,42.75,42.98,42.200001,42.349998,3040100,38.57757
2010-04-13,42.240002,42.290001,41.619999,42.150002,4219000,38.395388
2010-04-14,42.110001,42.279999,41.599998,42.110001,4620100,38.358951
2010-04-15,41.990002,42.23,41.630001,42.029999,4793500,38.286075
2010-04-16,41.91,42.189999,41.200001,41.970001,8992800,38.231422
2010-04-19,41.849998,42.080002,41.209999,41.540001,4472400,37.839725
2010-04-20,41.84,42.32,41.669998,42.18,2618200,38.422715
2010-04-21,42.369999,42.369999,41.799999,42.02,2950500,38.276968
2010-04-22,41.630001,42.220001,41.439999,42.169998,2068200,38.413604
2010-04-23,42.150002,42.41,41.75,42.369999,2741100,38.595789
2010-04-26,42.380001,42.490002,41.779999,41.860001,2479000,38.13122
2010-04-27,41.650002,41.75,41.09,41.139999,2943900,37.475355
2010-04-28,41.310001,41.470001,40.549999,40.790001,4043900,37.156533
2010-04-29,40.939999,41.400002,40.799999,41.049999,4155000,37.393371
2010-04-30,41.189999,41.849998,40.810001,40.810001,3773100,37.174752
2010-05-03,41.220001,41.540001,40.93,41.279999,3107700,37.602883
2010-05-04,40.919998,41.41,40.0,41.009998,5001500,37.356934
2010-05-05,40.52,41.169998,40.509998,40.880001,4261300,37.238516
2010-05-06,40.75,41.169998,38.099998,40.029999,7400100,36.46423
2010-05-07,39.779999,40.27,38.310001,38.860001,8435500,35.398452
2010-05-10,40.349998,41.220001,39.849998,40.860001,7397900,37.220297
2010-05-11,41.150002,41.639999,40.650002,40.970001,3524700,37.320499
2010-05-12,41.18,41.810001,41.07,41.720001,2220400,38.003691
2010-05-13,41.709999,42.040001,41.580002,41.75,2913400,38.031018
2010-05-14,41.509998,41.639999,40.900002,41.18,3928000,37.511792
2010-05-17,41.23,41.619999,40.880001,41.52,3585200,37.821506
2010-05-18,41.77,42.200001,40.970001,41.130001,2457300,37.466247
2010-05-19,40.93,41.02,39.860001,40.490002,4030300,36.883257
2010-05-20,39.77,39.799999,38.77,39.049999,7225800,35.571526
2010-05-21,38.099998,40.380001,38.09,40.380001,8338800,36.783055
2010-05-24,40.18,40.540001,39.48,39.509998,5048700,35.99055
2010-05-25,38.82,39.68,38.400002,39.630001,5042600,36.099863
2010-05-26,39.82,40.509998,39.599998,39.75,5107000,36.209173
2010-05-27,40.299999,41.02,40.02,40.990002,3104900,37.338718
2010-05-28,40.740002,41.259998,40.330002,40.529999,2345400,36.919691
2010-06-01,40.310001,40.959999,39.82,39.84,2966700,36.291156
2010-06-02,40.139999,41.509998,40.139999,41.450001,4244900,37.757742
2010-06-03,41.59,42.599998,41.57,42.48,3877000,38.695991
2010-06-04,41.669998,42.310001,41.259998,41.509998,5088800,37.812395
2010-06-07,41.75,42.470001,41.48,41.900002,5720900,38.167658
2010-06-08,42.02,42.619999,41.59,42.25,6440500,38.486479
2010-06-09,42.389999,42.939999,41.810001,41.970001,3887000,38.231422
2010-06-10,42.490002,43.200001,42.360001,43.189999,4107000,39.342745
2010-06-11,42.720001,44.360001,42.720001,44.220001,5072600,40.280998
2010-06-14,44.32,44.98,43.57,43.669998,4747400,39.779988
2010-06-15,43.880001,44.459999,43.77,44.389999,3132600,40.435853
2010-06-16,44.0,44.950001,43.950001,44.700001,3006900,40.71824
2010-06-17,44.860001,45.0,44.509998,44.970001,3128800,40.96419
2010-06-18,45.009998,45.299999,44.869999,45.07,6436900,41.055281
2010-06-21,45.610001,46.209999,44.91,45.119999,4048100,41.100826
2010-06-22,45.150002,45.459999,44.290001,44.369999,3624000,40.417634
2010-06-23,44.41,45.200001,43.849998,44.709999,4913100,40.727348
2010-06-24,44.52,44.75,43.5,43.540001,4295600,39.66157
2010-06-25,43.689999,44.450001,43.509998,43.98,3421700,40.062375
2010-06-28,44.200001,45.720001,44.189999,45.330002,4765400,41.292123
2010-06-29,44.84,44.919998,44.130001,44.509998,6408900,40.545163
2010-06-30,44.43,45.220001,44.23,44.5,5082800,40.536055
2010-07-01,44.330002,44.779999,43.259998,44.09,6245800,40.162577
2010-07-02,44.290001,44.419998,43.369999,43.700001,3370700,39.807318
2010-07-06,44.34,45.349998,44.099998,45.110001,5759500,41.091718
2010-07-07,45.43,46.91,45.18,46.880001,5949600,42.704052
2010-07-08,47.139999,47.209999,45.990002,46.389999,4222700,42.257698
2010-07-09,46.310001,46.82,45.810001,46.009998,3528000,41.911547
2010-07-12,45.73,45.950001,45.080002,45.32,3608000,41.283011
2010-07-13,45.830002,45.970001,45.240002,45.599998,3408800,41.538069
2010-07-14,45.849998,45.939999,45.25,45.779999,2765200,41.702035
2010-07-15,45.639999,45.880001,45.07,45.549999,2334300,41.492523
2010-07-16,45.299999,45.43,44.02,44.189999,3613300,40.253668
2010-07-19,44.299999,44.360001,43.740002,44.130001,2042700,40.199015
2010-07-20,44.630001,46.75,44.619999,46.580002,8159800,42.430776
2010-07-21,46.73,46.75,45.189999,45.619999,5728400,41.556287
2010-07-22,46.139999,46.5,45.84,46.389999,2892200,42.257698
2010-07-23,46.360001,46.77,45.720001,46.77,2764300,42.60385
2010-07-26,46.919998,46.919998,45.970001,46.299999,3661900,42.175715
2010-07-27,46.560001,46.610001,45.25,45.610001,3350400,41.54718
2010-07-28,45.52,46.16,45.41,45.709999,2388500,41.638271
2010-07-29,45.93,46.279999,45.330002,45.529999,4301100,41.474304
2010-07-30,45.07,46.41,44.73,46.240002,3465800,42.121062
2010-08-02,46.810001,47.09,46.099998,46.689999,4463100,42.530974
2010-08-03,46.610001,46.810001,45.959999,46.459999,3007300,42.321463
2010-08-04,46.450001,47.040001,46.400002,46.939999,3800500,42.758705
2010-08-05,46.77,47.060001,46.419998,46.959999,2516200,42.776924
2010-08-06,46.66,47.419998,46.130001,46.75,3159700,42.585631
2010-08-09,46.990002,47.27,46.52,46.75,1816700,42.585631
2010-08-10,46.450001,46.919998,46.07,46.669998,2431900,42.512755
2010-08-11,45.900002,45.91,45.169998,45.220001,5093500,41.19192
2010-08-12,44.509998,46.110001,44.27,45.889999,4635100,41.802237
2010-08-13,45.799999,46.060001,45.529999,45.759998,1789100,41.683816
2010-08-16,45.41,46.060001,45.139999,46.040001,1730000,41.938877
2010-08-17,46.25,47.459999,46.0,47.41,3669400,43.18684
2010-08-18,47.470001,48.330002,47.009998,48.02,4249900,43.742503
2010-08-19,47.799999,47.98,47.16,47.490002,3815800,43.259715
2010-08-20,47.509998,47.759998,46.740002,47.43,2632800,43.205059
2010-08-23,47.459999,47.720001,46.91,46.939999,1972600,42.758705
2010-08-24,46.360001,46.759998,46.02,46.220001,3480200,42.102843
2010-08-25,45.790001,47.259998,45.779999,47.16,3050400,42.959109
2010-08-26,47.25,47.860001,46.950001,47.099998,3057100,42.904452
2010-08-27,47.459999,47.669998,46.540001,47.360001,2376600,43.141294
2010-08-30,47.200001,47.34,46.459999,46.459999,1876600,42.321463
2010-08-31,46.119999,47.040001,46.080002,46.860001,2600600,42.685833
2010-09-01,47.32,47.599998,47.040001,47.25,3516600,43.041092
2010-09-02,47.220001,47.849998,47.220001,47.84,2298400,43.578537
2010-09-03,48.169998,48.349998,47.639999,48.220001,2833100,43.924688
2010-09-07,48.200001,48.52,47.73,48.369999,2557500,44.061325
2010-09-08,48.41,49.619999,48.259998,49.360001,4380200,44.963139
2010-09-09,49.900002,49.950001,48.709999,49.09,2177400,44.71719
2010-09-10,49.110001,49.279999,48.650002,49.07,1902300,44.698971
2010-09-13,49.360001,49.549999,48.990002,49.0,2643800,44.635207
2010-09-14,48.880001,49.220001,48.650002,48.73,2959600,44.389257
2010-09-15,48.669998,49.18,48.380001,48.880001,2461800,44.525897
2010-09-16,48.84,49.049999,48.349998,48.360001,2167100,44.052217
2010-09-17,48.73,49.290001,48.619999,49.27,4652700,44.881156
2010-09-20,49.5,50.18,49.310001,50.07,2898400,45.609894
2010-09-21,50.099998,51.02,49.93,50.48,2990900,45.983372
2010-09-22,50.509998,50.880001,50.23,50.5,3362700,46.001591
2010-09-23,50.040001,50.849998,49.84,50.580002,3174400,46.074466
2010-09-24,51.119999,51.759998,50.84,51.689999,2466500,47.085587
2010-09-27,51.630001,52.09,51.209999,51.82,3329200,47.204008
2010-09-28,51.849998,52.220001,51.209999,52.110001,2479300,47.468177
2010-09-29,51.810001,52.200001,51.549999,51.790001,3816400,47.176682
2010-09-30,52.099998,52.32,51.240002,51.259998,3634100,46.69389
2010-10-01,51.450001,51.73,51.150002,51.619999,3002200,47.021823
2010-10-04,51.59,51.84,50.860001,51.060001,2930300,46.511709
2010-10-05,51.43,52.34,51.389999,51.880001,2522800,47.258665
2010-10-06,51.939999,52.049999,50.310001,50.75,3685500,46.229321
2010-10-07,51.029999,51.630001,50.310001,50.41,3782400,45.919607
2010-10-08,50.529999,50.560001,50.130001,50.369999,2161800,45.88317
2010-10-11,50.360001,50.459999,49.860001,50.009998,2055200,45.555237
2010-10-12,49.799999,50.849998,49.380001,50.619999,3888700,46.1109
2010-10-13,50.919998,51.169998,50.650002,50.759998,4293400,46.238429
2010-10-14,50.73,51.57,50.73,51.380001,3536100,46.803203
2010-10-15,51.790001,51.869999,50.380001,50.810001,3338400,46.283978
2010-10-18,50.740002,50.869999,50.279999,50.490002,1889300,45.992483
2010-10-19,50.060001,50.349998,49.470001,49.790001,2137900,45.354836
2010-10-20,49.950001,50.84,49.82,50.450001,2106100,45.956045
2010-10-21,50.810001,50.810001,49.400002,50.02,2899600,45.564348
2010-10-22,50.110001,50.349998,49.900002,50.220001,1896400,45.746533
2010-10-25,50.5,51.029999,50.439999,50.810001,1895700,46.283978
2010-10-26,50.57,50.98,50.290001,50.84,1928600,46.311304
2010-10-27,50.549999,50.830002,50.169998,50.700001,2658400,46.183776
2010-10-28,50.93,51.91,50.93,51.740002,2616600,47.131136
2010-10-29,51.529999,51.880001,51.150002,51.610001,2203700,47.012715
2010-11-01,51.790001,51.849998,51.34,51.790001,1803200,47.176682
2010-11-02,52.18,52.25,51.599998,51.880001,2147200,47.258665
2010-11-03,52.080002,52.18,51.5,52.130001,2327400,47.486395
2010-11-04,52.549999,52.610001,51.959999,52.41,2944300,47.741453
2010-11-05,52.080002,52.490002,50.0,51.919998,5325900,47.295099
2010-11-08,51.939999,52.419998,51.549999,52.369999,3017700,47.705015
2010-11-09,52.900002,53.080002,52.07,52.189999,4204300,47.541049
2010-11-10,52.299999,53.52,52.25,53.110001,3343200,48.379099
2010-11-11,52.900002,53.220001,52.619999,53.139999,2576600,48.406426
2010-11-12,52.869999,53.009998,52.099998,52.360001,2153400,47.695907
2010-11-15,52.400002,52.490002,51.299999,51.459999,2541200,46.876075
2010-11-16,51.119999,51.18,50.360001,50.540001,2302200,46.038028
2010-11-17,50.59,51.209999,50.5,51.040001,1985800,46.49349
2010-11-18,51.529999,51.860001,51.41,51.59,1894400,46.994496
2010-11-19,51.52,52.16,51.139999,51.939999,3328000,47.313318
2010-11-22,51.720001,51.939999,51.110001,51.830002,3490100,47.213119
2010-11-23,51.130001,51.560001,50.77,51.150002,3091100,46.593692
2010-11-24,51.380001,52.130001,51.16,52.040001,1957300,47.404412
2010-11-26,51.599998,52.099998,51.509998,51.77,582700,47.158463
2010-11-29,51.52,51.540001,50.5,50.82,2482400,46.293086
2010-11-30,50.349998,51.0,50.150002,50.57,2829100,46.065355
2010-12-01,51.490002,51.490002,51.009998,51.029999,2814400,46.484378
2010-12-02,51.5,52.130001,51.25,51.810001,2359000,47.1949
2010-12-03,51.720001,52.48,51.380001,51.580002,1976500,46.985389
2010-12-06,51.560001,51.849998,51.209999,51.77,1891800,47.158463
2010-12-07,52.25,52.369999,51.639999,51.759998,2738700,47.149352
2010-12-08,51.700001,51.990002,50.799999,51.07,2338800,46.520816
2010-12-09,51.349998,51.349998,50.369999,50.849998,2269900,46.320412
2010-12-10,51.0,51.0,50.41,50.459999,2204700,45.965153
2010-12-13,50.639999,50.830002,50.009998,50.009998,3082900,45.555237
2010-12-14,50.16,50.77,50.110001,50.439999,2537800,45.946934
2010-12-15,50.389999,50.549999,50.049999,50.130001,2225400,45.66455
2010-12-16,50.110001,50.18,48.830002,49.990002,4905700,45.537022
2010-12-17,49.939999,49.939999,49.509998,49.610001,3097600,45.19087
2010-12-20,49.77,51.18,49.75,51.049999,3022100,46.502597
2010-12-21,51.110001,51.259998,50.59,50.720001,2624700,46.201995
2010-12-22,50.830002,51.0,50.619999,50.790001,1408800,46.265759
2010-12-23,50.630001,50.790001,50.400002,50.529999,1063500,46.028917
2010-12-27,50.73,50.900002,50.419998,50.84,912400,46.311304
2010-12-28,50.869999,51.049999,50.669998,50.93,1088400,46.393288
2010-12-29,50.990002,51.279999,50.610001,51.18,1407600,46.621018
2010-12-30,51.080002,51.540001,51.040001,51.470001,1227100,46.885187
2010-12-31,51.48,51.73,51.25,51.639999,1510900,47.040042
2011-01-03,51.91,52.150002,51.459999,51.630001,2413800,47.030934
2011-01-04,51.630001,52.189999,51.349998,51.470001,2932100,46.885187
2011-01-05,51.220001,51.400002,50.740002,50.759998,3414100,46.238429
2011-01-06,50.790001,51.18,50.48,50.619999,2880000,46.1109
2011-01-07,50.959999,51.09,50.419998,50.5,3571200,46.001591
2011-01-10,50.259998,50.68,50.07,50.41,2706300,45.919607
2011-01-11,50.549999,50.799999,50.220001,50.470001,3395900,45.974264
2011-01-12,50.669998,50.84,50.52,50.700001,2359300,46.183776
2011-01-13,50.869999,51.560001,50.619999,50.75,2899700,46.229321
2011-01-14,50.580002,50.830002,49.77,49.849998,2748800,45.40949
2011-01-18,49.919998,50.220001,49.330002,49.490002,3676400,45.08156
2011-01-19,49.200001,49.369999,48.779999,49.18,3377000,44.799173
2011-01-20,49.049999,50.529999,48.939999,50.32,3968100,45.837624
2011-01-21,50.639999,50.970001,50.380001,50.52,2847200,46.01981
2011-01-24,50.470001,51.009998,50.34,51.009998,2027900,46.46616
2011-01-25,50.860001,51.84,50.259998,51.369999,5074300,46.794092
2011-01-26,51.779999,52.240002,51.400002,51.939999,3728500,47.313318
2011-01-27,52.049999,52.16,51.560001,52.0,2179900,47.367975
2011-01-28,51.959999,52.48,51.169998,51.32,2253000,46.748547
2011-01-31,51.27,51.540001,50.73,50.860001,2014700,46.329523
2011-02-01,51.080002,51.900002,51.049999,51.779999,1976100,47.16757
2011-02-02,51.610001,52.110001,51.610001,51.91,1849000,47.285991
2011-02-03,51.759998,52.779999,51.610001,52.68,2182300,47.987402
2011-02-04,52.740002,53.799999,52.709999,53.59,3106600,48.816342
2011-02-07,53.959999,54.189999,53.529999,53.66,2418200,48.880106
2011-02-08,53.66,54.299999,53.66,54.279999,1968000,49.444877
2011-02-09,54.299999,54.740002,54.139999,54.59,1985500,49.727264
2011-02-10,54.43,55.080002,54.259998,55.0,1950800,50.100742
2011-02-11,54.900002,56.75,54.779999,56.73,3888100,51.676638
2011-02-14,56.630001,56.84,55.869999,56.009998,2917700,51.020773
2011-02-15,55.93,56.209999,55.5,55.810001,2203700,50.838591
2011-02-16,56.060001,56.48,55.43,55.619999,2106500,50.665513
2011-02-17,55.580002,55.779999,54.439999,54.650002,2899200,49.781921
2011-02-18,54.759998,54.91,53.509998,54.259998,4283400,49.426658
2011-02-22,53.810001,54.59,52.75,52.98,3503800,48.260678
2011-02-23,53.0,53.759998,51.32,51.849998,5550700,47.231335
2011-02-24,52.0,52.939999,51.849998,52.849998,3610400,48.142257
2011-02-25,52.990002,53.799999,52.630001,53.759998,3290800,48.971197
2011-02-28,53.860001,54.0,53.41,53.959999,3104100,49.153382
2011-03-01,53.990002,54.119999,52.700001,52.720001,3086800,48.02384
2011-03-02,52.709999,53.119999,51.82,52.279999,2786600,47.623032
2011-03-03,52.68,53.450001,52.66,53.330002,2273400,48.579503
2011-03-04,53.259998,53.330002,52.650002,53.07,1639800,48.342661
2011-03-07,53.110001,53.720001,53.060001,53.080002,3380100,48.351773
2011-03-08,52.220001,52.560001,50.880001,52.119999,5050900,47.477284
2011-03-09,52.110001,52.389999,51.669998,52.189999,2198300,47.541049
2011-03-10,51.580002,51.580002,50.57,50.779999,3666600,46.256648
2011-03-11,50.450001,50.900002,50.400002,50.810001,5496900,46.283978
2011-03-14,50.419998,50.509998,49.57,50.220001,2740700,45.746533
2011-03-15,49.200001,50.18,49.0,50.02,3447400,45.564348
2011-03-16,50.040001,51.220001,50.040001,50.439999,4510500,45.946934
2011-03-17,51.02,51.240002,50.52,51.040001,2063300,46.49349
2011-03-18,51.740002,51.810001,50.369999,50.619999,2442400,46.1109
2011-03-21,46.650002,47.41,45.849998,46.610001,21980500,42.458102
2011-03-22,47.040001,48.759998,46.970001,48.720001,9738800,44.38015
2011-03-23,48.599998,49.880001,48.43,49.470001,6399400,45.063341
2011-03-24,49.950001,50.709999,48.98,49.07,7268200,44.698971
2011-03-25,48.970001,49.73,48.869999,49.639999,4237400,45.218197
2011-03-28,50.369999,50.470001,49.639999,50.0,2932600,45.546129
2011-03-29,49.860001,50.59,49.459999,50.509998,3448100,46.010698
2011-03-30,50.720001,51.790001,50.709999,51.740002,4399100,47.131136
2011-03-31,51.619999,52.0,51.290001,51.82,3045700,47.204008
2011-04-01,51.98,52.75,51.950001,52.330002,2601400,47.668581
2011-04-04,52.41,52.529999,51.900002,51.970001,2509600,47.340648
2011-04-05,51.779999,51.830002,50.619999,50.740002,4821600,46.220214
2011-04-06,50.82,51.099998,50.549999,50.900002,2860900,46.365961
2011-04-07,50.799999,50.990002,50.380001,50.77,3423600,46.24754
2011-04-08,50.970001,51.049999,50.110001,50.279999,2134200,45.801187
2011-04-11,50.349998,50.720001,50.029999,50.130001,2881000,45.66455
2011-04-12,50.060001,50.16,49.560001,49.630001,3954200,45.209089
2011-04-13,49.740002,50.470001,49.619999,50.360001,4384100,45.874062
2011-04-14,50.220001,50.25,49.560001,50.18,3696100,45.710096
2011-04-15,50.27,50.799999,50.080002,50.580002,3689400,46.074466
2011-04-18,50.040001,50.060001,49.41,49.560001,3122600,45.145325
2011-04-19,49.619999,49.91,49.080002,49.52,3508900,45.108887
2011-04-20,50.0,51.150002,49.990002,51.049999,2958700,46.502597
2011-04-21,51.360001,51.560001,51.169998,51.310001,2445600,46.739439
2011-04-25,51.029999,51.349998,50.98,51.049999,1879000,46.502597
2011-04-26,51.09,51.82,50.759998,51.790001,2400000,47.176682
2011-04-27,51.950001,52.939999,51.799999,52.869999,2973900,48.160476
2011-04-28,52.720001,53.139999,52.310001,52.380001,2962200,47.714126
2011-04-29,52.279999,52.66,51.98,52.310001,2866600,47.650362
2011-05-02,52.509998,52.540001,51.380001,51.540001,2171200,46.948951
2011-05-03,52.279999,53.279999,52.150002,52.52,4128600,47.841655
2011-05-04,52.490002,52.810001,51.380001,51.740002,3161600,47.131136
2011-05-05,51.450001,53.439999,51.23,52.959999,4164400,48.242459
2011-05-06,53.310001,53.740002,52.119999,52.41,2427900,47.741453
2011-05-09,52.400002,53.43,52.400002,53.07,1653000,48.342661
2011-05-10,53.130001,53.75,52.900002,53.689999,3709800,48.907432
2011-05-11,53.59,53.939999,53.080002,53.52,2286700,48.752577
2011-05-12,53.380001,53.509998,53.080002,53.310001,2235200,48.561284
2011-05-13,53.18,53.400002,52.5,52.939999,1632700,48.224241
2011-05-16,52.77,52.990002,52.43,52.5,1925500,47.823436
2011-05-17,52.450001,52.5,51.860001,52.200001,2666800,47.55016
2011-05-18,52.32,52.41,52.029999,52.16,3110700,47.513722
2011-05-19,52.360001,52.57,51.889999,52.080002,2305900,47.44085
2011-05-20,52.32,54.0,51.900002,53.639999,5601800,48.861887
2011-05-23,53.169998,53.560001,52.689999,53.150002,2511000,48.415537
2011-05-24,53.189999,54.650002,53.189999,54.139999,5817800,49.317348
2011-05-25,53.93,54.82,53.529999,54.299999,4077700,49.463096
2011-05-26,54.169998,55.259998,54.009998,55.220001,2701400,50.301146
2011-05-27,55.32,55.380001,54.650002,54.91,2645900,50.018759
2011-05-31,55.5,55.509998,54.650002,55.48,3066900,50.537985
2011-06-01,55.459999,55.52,54.09,54.130001,2353000,49.308241
2011-06-02,54.25,54.82,54.130001,54.380001,2195100,49.535971
2011-06-03,50.450001,52.669998,50.25,51.209999,12627100,46.648345
2011-06-06,51.59,52.52,51.439999,51.77,5452200,47.158463
2011-06-07,51.830002,52.09,51.27,51.290001,2439600,46.72122
2011-06-08,51.18,51.48,50.110001,50.150002,6635800,45.682769
2011-06-09,50.330002,50.48,49.189999,49.849998,8241100,45.40949
2011-06-10,49.869999,50.52,49.869999,50.0,4770900,45.546129
2011-06-13,49.990002,50.779999,49.900002,50.09,3858300,45.628113
2011-06-14,50.509998,50.91,50.450001,50.709999,3277100,46.192884
2011-06-15,50.279999,51.240002,50.259998,50.720001,3748600,46.201995
2011-06-16,50.73,50.740002,49.970001,50.119999,4308000,45.655439
2011-06-17,50.470001,50.669998,50.169998,50.200001,2895300,45.728315
2011-06-20,50.0,50.950001,49.889999,50.68,1814400,46.165557
2011-06-21,50.91,51.900002,50.810001,51.779999,2199300,47.16757
2011-06-22,51.48,52.169998,51.48,51.939999,2669200,47.313318
2011-06-23,51.419998,52.580002,51.25,52.490002,3016500,47.814328
2011-06-24,52.419998,52.52,51.59,51.75,2063300,47.140244
2011-06-27,51.57,52.080002,51.0,51.860001,2396900,47.240446
2011-06-28,51.919998,52.220001,51.900002,52.0,2695500,47.367975
2011-06-29,52.240002,52.610001,52.119999,52.27,2681800,47.613924
2011-06-30,52.540001,52.619999,52.110001,52.330002,2460000,47.668581
2011-07-01,52.599998,54.360001,52.330002,54.279999,4498100,49.444877
2011-07-05,54.16,54.389999,53.529999,53.59,2475800,48.816342
2011-07-06,53.400002,54.380001,53.029999,53.740002,2441400,48.952981
2011-07-07,54.110001,54.380001,53.549999,53.68,2150700,48.898325
2011-07-08,53.189999,53.5,52.889999,53.48,1360500,48.71614
2011-07-11,53.02,53.27,52.889999,53.060001,1881600,48.333554
2011-07-12,52.91,53.419998,52.720001,52.91,1547800,48.196914
2011-07-13,53.220001,53.689999,52.990002,53.119999,1331100,48.388207
2011-07-14,53.150002,53.389999,52.0,52.32,1737900,47.659469
2011-07-15,52.529999,53.279999,52.389999,53.23,2263500,48.488409
2011-07-18,52.869999,53.290001,51.970001,52.220001,1660700,47.568379
2011-07-19,52.470001,53.18,52.41,52.91,1620200,48.196914
2011-07-20,53.060001,53.110001,52.130001,52.52,1466700,47.841655
2011-07-21,52.810001,53.27,52.5,53.07,2360200,48.342661
2011-07-22,52.959999,53.32,52.790001,53.32,1429000,48.570392
2011-07-25,52.93,53.040001,52.540001,52.75,1402400,48.051166
2011-07-26,52.669998,53.0,52.5,52.740002,1733800,48.042059
2011-07-27,52.540001,52.549999,51.209999,51.220001,3003400,46.657456
2011-07-28,51.25,53.619999,51.099998,52.599998,3668500,47.914527
2011-07-29,51.98,52.759998,51.580002,52.529999,2711500,47.850762
2011-08-01,52.919998,53.09,51.740002,52.5,2574800,47.823436
2011-08-02,52.290001,52.740002,50.41,50.5,4232800,46.001591
2011-08-03,51.0,53.779999,50.52,53.669998,5906000,48.889214
2011-08-04,52.720001,53.27,50.830002,51.009998,5696900,46.46616
2011-08-05,51.5,51.57,49.16,49.98,7246900,45.52791
2011-08-08,49.0,49.150002,46.34,46.349998,6544800,42.221261
2011-08-09,46.990002,49.259998,46.040001,49.200001,6201900,44.817392
2011-08-10,48.389999,49.060001,47.27,47.369999,5694200,43.150402
2011-08-11,46.950001,50.0,46.950001,49.349998,4036000,44.954028
2011-08-12,49.619999,50.439999,49.490002,50.200001,2701000,45.728315
2011-08-15,50.48,51.779999,50.48,51.48,2689700,46.894294
2011-08-16,51.07,51.34,50.419998,51.029999,2174300,46.484378
2011-08-17,51.18,51.779999,50.5,50.849998,2109300,46.320412
2011-08-18,49.82,50.150002,47.990002,48.349998,4046000,44.043106
2011-08-19,48.0,49.529999,47.939999,48.830002,4325700,44.480352
2011-08-22,49.950001,50.060001,48.529999,48.91,3186200,44.553224
2011-08-23,49.139999,50.810001,48.970001,50.759998,3337300,46.238429
2011-08-24,50.59,51.630001,50.5,51.5,2866300,46.912513
2011-08-25,51.68,51.77,50.349998,50.509998,3665800,46.010698
2011-08-26,50.310001,51.950001,48.75,51.860001,3752800,47.240446
2011-08-29,52.240002,52.880001,51.860001,52.240002,3028100,47.586597
2011-08-30,52.16,53.389999,52.009998,53.200001,2764500,48.461082
2011-08-31,53.709999,54.889999,53.330002,53.860001,6200500,49.062291
2011-09-01,54.060001,54.990002,53.98,54.259998,3957300,49.426658
2011-09-02,53.150002,53.779999,52.720001,53.139999,2729200,48.406426
2011-09-06,52.43,53.189999,51.459999,53.049999,2513800,48.324443
2011-09-07,53.75,53.970001,53.240002,53.5,2714200,48.734358
2011-09-08,53.220001,53.77,53.209999,53.41,3773300,48.652375
2011-09-09,52.889999,53.130001,52.169998,52.380001,4011300,47.714126
2011-09-12,51.759998,52.32,51.450001,52.299999,4007200,47.641251
2011-09-13,52.41,52.990002,51.950001,52.900002,3053100,48.187806
2011-09-14,53.200001,54.75,52.540001,54.16,3700700,49.335567
2011-09-15,54.52,54.919998,54.040001,54.860001,3334900,49.973214
2011-09-16,54.91,55.0,54.099998,54.900002,3759100,50.009651
2011-09-19,53.98,55.41,53.91,55.209999,2584200,50.292035
2011-09-20,55.509998,56.209999,54.970001,55.150002,3213600,50.237382
2011-09-21,55.43,55.860001,54.040001,54.099998,3848800,49.280911
2011-09-22,52.639999,53.209999,51.470001,52.299999,6830300,47.641251
2011-09-23,51.91,53.049999,51.82,52.290001,3679500,47.632143
2011-09-26,52.779999,53.599998,52.279999,53.5,4522500,48.734358
2011-09-27,54.099998,55.560001,53.810001,54.580002,3825500,49.718156
2011-09-28,54.650002,54.68,53.830002,53.959999,3249800,49.153382
2011-09-29,54.790001,54.880001,52.509998,53.59,3179000,48.816342
2011-09-30,53.060001,54.150002,53.049999,53.799999,5541100,49.007634
2011-10-03,53.75,54.68,52.82,52.860001,6671000,48.151369
2011-10-04,52.119999,54.060001,51.049999,54.009998,5500000,49.198927
2011-10-05,53.639999,55.459999,53.450001,55.060001,4987900,50.155399
2011-10-06,55.040001,55.790001,54.790001,55.59,3890000,50.638187
2011-10-07,55.610001,56.27,54.849998,54.93,4396600,50.036978
2011-10-10,55.810001,56.060001,55.380001,55.919998,2469000,50.938789
2011-10-11,55.540001,55.709999,55.110001,55.27,2714400,50.346692
2011-10-12,55.810001,56.330002,55.259998,55.43,2690300,50.492439
2011-10-13,55.25,55.330002,54.639999,55.150002,3015900,50.237382
2011-10-14,55.650002,56.169998,55.450001,55.830002,2254700,50.85681
2011-10-17,55.43,55.810001,54.869999,55.07,2013000,50.164507
2011-10-18,55.029999,56.02,54.139999,55.669998,2028900,50.711059
2011-10-19,55.57,55.939999,54.580002,54.990002,3171600,50.091635
2011-10-20,54.82,55.77,54.720001,55.049999,2387800,50.146288
2011-10-21,55.439999,56.380001,54.810001,56.34,2846200,51.321379
2011-10-24,56.41,57.279999,56.330002,57.240002,2666200,52.14121
2011-10-25,56.709999,56.93,55.869999,55.950001,2602100,50.966119
2011-10-26,56.259998,56.299999,54.860001,55.630001,3570000,50.674624
2011-10-27,57.09,57.25,55.509998,56.790001,2889400,51.731295
2011-10-28,56.630001,56.82,56.060001,56.32,2094100,51.30316
2011-10-31,55.84,56.150002,55.049999,55.099998,2848000,50.191833
2011-11-01,53.490002,58.0,53.02,56.919998,6614600,51.849712
2011-11-02,57.23,57.529999,55.52,56.700001,3805100,51.649311
2011-11-03,57.400002,58.0,56.299999,57.419998,4083900,52.305173
2011-11-04,57.259998,57.959999,56.810001,57.919998,2449100,52.760635
2011-11-07,57.950001,58.43,57.07,58.330002,2877200,53.134116
2011-11-08,58.549999,58.580002,57.549999,58.360001,2225300,53.161443
2011-11-09,57.27,58.330002,57.040001,57.18,2996800,52.086554
2011-11-10,57.75,57.799999,56.27,56.630001,2799100,51.585547
2011-11-11,57.349998,58.419998,57.130001,58.18,2019500,52.997476
2011-11-14,57.91,58.27,57.23,57.360001,1461600,52.25052
2011-11-15,57.099998,58.599998,57.009998,58.41,2409400,53.206988
2011-11-16,57.84,58.130001,57.029999,57.169998,1986900,52.077443
2011-11-17,57.66,57.93,56.689999,56.93,2625600,51.858823
2011-11-18,57.18,57.25,56.619999,56.759998,2906400,51.703965
2011-11-21,56.23,56.490002,55.529999,55.900002,1887900,50.920574
2011-11-22,55.84,56.580002,55.549999,56.0,2700600,51.011665
2011-11-23,55.580002,55.84,55.029999,55.419998,2335200,50.483328
2011-11-25,55.200001,56.220001,55.200001,55.720001,1536400,50.756608
2011-11-28,56.900002,57.119999,56.23,56.549999,3212600,51.512672
2011-11-29,56.75,57.959999,56.630001,57.740002,3044400,52.596672
2011-11-30,58.900002,59.610001,58.290001,59.0,5434300,53.744433
2011-12-01,58.779999,59.419998,58.380001,58.599998,2450500,53.380062
2011-12-02,59.080002,59.369999,58.759998,59.080002,2771700,53.817308
2011-12-05,59.360001,59.68,58.950001,59.130001,3416800,53.862854
2011-12-06,59.049999,59.490002,58.82,59.240002,1937800,53.963056
2011-12-07,59.0,59.57,58.459999,59.299999,1801600,54.017709
2011-12-08,58.669998,58.889999,57.75,57.82,3152100,52.982254
2011-12-09,58.049999,58.68,57.970001,58.59,2231000,53.68783
2011-12-12,58.349998,58.389999,57.669998,58.150002,1981500,53.284645
2011-12-13,58.41,59.049999,57.93,58.130001,2596400,53.266318
2011-12-14,58.119999,58.470001,57.720001,57.990002,2160600,53.138032
2011-12-15,58.220001,58.919998,57.91,58.799999,3381500,53.880258
2011-12-16,59.200001,59.41,58.07,59.139999,8009000,54.191811
2011-12-19,59.439999,59.66,56.990002,57.18,4567800,52.395803
2011-12-20,58.310001,59.98,58.240002,59.799999,3892600,54.796589
2011-12-21,59.48,60.0,59.27,59.389999,2997100,54.420894
2011-12-22,59.490002,60.299999,59.490002,59.990002,3129000,54.970694
2011-12-23,60.080002,60.439999,59.830002,60.439999,1334600,55.38304
2011-12-27,60.25,60.82,60.099998,60.700001,1393200,55.621288
2011-12-28,60.52,60.669998,59.689999,60.07,1581800,55.043999
2011-12-29,60.18,60.720001,60.16,60.59,1476000,55.520491
2011-12-30,60.860001,60.91,59.93,60.009998,4859400,54.989018
2012-01-03,60.450001,60.639999,57.98,58.810001,7842100,53.889423
2012-01-04,58.32,59.830002,58.060001,59.66,5177900,54.668303
2012-01-05,59.5,60.48,58.529999,60.349998,4773200,55.30057
2012-01-06,60.349998,60.93,59.98,60.25,6464100,55.208939
2012-01-09,60.59,60.59,60.009998,60.419998,2552800,55.364713
2012-01-10,60.66,61.52,60.470001,61.310001,3292600,56.180251
2012-01-11,61.43,62.279999,61.360001,62.25,2905700,57.041601
2012-01-12,62.400002,62.509998,61.209999,62.450001,3272900,57.224868
2012-01-13,62.23,62.419998,61.619999,62.32,2840600,57.105744
2012-01-17,62.880001,62.970001,61.68,61.830002,3123600,56.656743
2012-01-18,61.830002,62.48,61.689999,62.419998,2369500,57.197375
2012-01-19,62.57,62.66,61.939999,62.200001,2265800,56.995785
2012-01-20,62.209999,62.400002,61.240002,61.509998,3636600,56.363514
2012-01-23,61.709999,62.09,61.279999,61.810001,2396200,56.638416
2012-01-24,61.57,62.509998,61.400002,62.470001,2158600,57.243195
2012-01-25,62.470001,63.389999,62.259998,62.970001,2358000,57.70136
2012-01-26,63.009998,63.080002,61.790001,62.150002,2855100,56.949969
2012-01-27,62.080002,63.220001,61.82,63.009998,2792700,57.738011
2012-01-30,62.52,62.880001,62.25,62.860001,1844000,57.600563
2012-01-31,63.0,63.630001,62.799999,63.509998,3063700,58.196176
2012-02-01,63.709999,63.84,63.169998,63.349998,3533400,58.049563
2012-02-02,63.459999,63.669998,63.0,63.23,2507000,57.939605
2012-02-03,63.57,63.77,63.18,63.369999,3486500,58.06789
2012-02-06,63.080002,63.360001,63.02,63.130001,2618000,57.847973
2012-02-07,63.189999,63.48,62.860001,63.369999,2046700,58.06789
2012-02-08,63.400002,63.849998,63.0,63.849998,1759300,58.507729
2012-02-09,63.91,64.019997,63.139999,63.790001,2247800,58.452751
2012-02-10,63.380001,63.82,63.169998,63.290001,2213800,57.994586
2012-02-13,63.52,64.379997,63.459999,64.010002,2553100,58.654345
2012-02-14,63.950001,64.519997,63.540001,64.379997,2461700,58.993383
2012-02-15,64.449997,64.550003,63.200001,63.549999,3502700,58.23283
2012-02-16,62.990002,63.150002,61.75,62.560001,5265100,57.325664
2012-02-17,62.849998,63.0,62.5,62.5,3133900,57.270683
2012-02-21,62.66,63.470001,62.59,62.990002,3767100,57.719687
2012-02-22,63.110001,63.52,62.73,63.259998,3223100,57.967093
2012-02-23,63.07,63.91,62.48,63.91,3791600,58.56271
2012-02-24,64.019997,64.389999,63.73,64.160004,2774400,58.791796
2012-02-27,62.650002,63.389999,62.650002,63.099998,3380400,57.820481
2012-02-28,63.369999,63.369999,61.77,62.27,3949100,57.059928
2012-02-29,62.650002,62.689999,62.029999,62.580002,3053800,57.343992
2012-03-01,62.610001,63.110001,62.459999,63.040001,2804400,57.765503
2012-03-02,63.040001,63.07,62.509998,62.59,2089500,57.353153
2012-03-05,62.459999,63.07,62.369999,62.889999,2016800,57.628052
2012-03-06,62.279999,62.48,61.959999,62.18,2589100,56.977458
2012-03-07,62.119999,62.419998,61.900002,62.18,2139900,56.977458
2012-03-08,62.459999,63.23,62.330002,62.439999,3171500,57.215702
2012-03-09,62.43,62.57,62.0,62.220001,3630400,57.014112
2012-03-12,62.259998,62.439999,61.84,62.0,3152600,56.812518
2012-03-13,62.25,62.279999,61.59,61.900002,5229500,56.720886
2012-03-14,62.43,63.23,62.220001,62.959999,4741200,57.692195
2012-03-15,62.849998,63.299999,62.849998,63.169998,2227900,57.884623
2012-03-16,63.470001,63.580002,63.130001,63.34,2656500,58.040401
2012-03-19,63.540001,64.0,63.380001,63.849998,1724100,58.507729
2012-03-20,63.549999,63.66,62.82,62.93,2733700,57.664706
2012-03-21,62.93,63.169998,62.389999,62.439999,3359500,57.215702
2012-03-22,62.290001,62.610001,61.98,61.98,2787200,56.794191
2012-03-23,61.98,62.150002,61.27,61.75,3381900,56.583435
2012-03-26,62.0,62.48,61.810001,62.27,2416400,57.059928
2012-03-27,62.18,62.490002,61.900002,62.099998,2255000,56.90415
2012-03-28,61.98,62.380001,61.84,62.259998,1962800,57.050762
2012-03-29,61.98,62.450001,61.639999,62.380001,1994100,57.160725
2012-03-30,62.650002,63.130001,62.299999,63.02,2545300,57.747176
2012-04-02,63.060001,64.029999,62.84,64.010002,2731900,58.654345
2012-04-03,64.0,64.0,63.130001,63.240002,2714800,57.94877
2012-04-04,62.950001,63.040001,62.389999,62.650002,2076200,57.408134
2012-04-05,62.509998,63.48,62.389999,63.41,2577000,58.104544
2012-04-09,62.419998,62.59,61.93,62.299999,1719000,57.277107
2012-04-10,62.09,62.669998,61.560001,61.619999,2588500,56.651931
2012-04-11,62.119999,63.139999,62.110001,63.09,2594200,58.003414
2012-04-12,63.200001,63.869999,62.93,63.810001,1903700,58.665366
2012-04-13,63.240002,63.560001,63.02,63.16,1855200,58.06777
2012-04-16,63.57,64.059998,63.41,63.720001,2945200,58.582622
2012-04-17,63.98,64.449997,63.360001,64.360001,2404200,59.171022
2012-04-18,64.370003,64.419998,64.050003,64.099998,2142700,58.931982
2012-04-19,64.199997,64.400002,63.389999,63.849998,1678900,58.702138
2012-04-20,63.950001,64.510002,63.950001,64.0,2118200,58.840046
2012-04-23,63.540001,63.68,62.740002,63.130001,2021300,58.04019
2012-04-24,63.299999,63.860001,62.98,63.529999,1683900,58.407938
2012-04-25,64.059998,64.75,64.059998,64.739998,2181400,59.520382
2012-04-26,64.709999,64.919998,64.300003,64.860001,2071800,59.63071
2012-04-27,65.0,65.18,64.550003,65.099998,1836100,59.851358
2012-04-30,65.160004,65.589996,64.900002,65.580002,1826200,60.292661
2012-05-01,65.639999,66.120003,65.309998,65.43,2528900,60.154753
2012-05-02,65.139999,65.980003,64.919998,65.919998,2429300,60.605246
2012-05-03,67.0,68.519997,66.370003,67.050003,5188100,61.644145
2012-05-04,66.790001,67.589996,66.0,66.440002,2692800,61.083325
2012-05-07,66.43,67.349998,65.900002,67.25,2052800,61.828017
2012-05-08,67.07,67.800003,66.720001,67.75,3172000,62.287705
2012-05-09,67.349998,67.68,66.82,67.0,3270900,61.598173
2012-05-10,67.5,67.839996,66.970001,67.540001,2405400,62.094637
2012-05-11,67.110001,68.209999,67.040001,67.620003,2036600,62.168189
2012-05-14,67.279999,67.989998,66.860001,67.199997,2269700,61.782045
2012-05-15,67.099998,68.089996,67.07,67.769997,2603200,62.306089
2012-05-16,67.900002,67.949997,66.779999,66.82,3087800,61.432685
2012-05-17,66.949997,66.970001,64.779999,64.800003,3655300,59.575549
2012-05-18,64.959999,65.360001,64.25,64.419998,2607400,59.226182
2012-05-21,64.830002,65.620003,64.300003,65.510002,2066900,60.228305
2012-05-22,65.480003,65.959999,64.779999,65.07,3516700,59.823778
2012-05-23,64.699997,65.309998,64.18,65.18,2382500,59.92491
2012-05-24,65.43,66.360001,65.339996,65.849998,2368200,60.54089
2012-05-25,65.879997,66.099998,65.449997,65.75,1570800,60.448953
2012-05-29,66.139999,66.620003,65.760002,66.309998,2033800,60.963802
2012-05-30,65.919998,66.139999,65.190002,65.190002,2195200,59.934105
2012-05-31,65.239998,65.400002,64.150002,64.879997,3408900,59.649094
2012-06-01,63.619999,64.169998,63.110001,63.150002,2550000,58.058578
2012-06-04,63.25,63.369999,62.540001,63.09,2215600,58.003414
2012-06-05,62.970001,64.279999,62.970001,64.089996,2247900,58.922786
2012-06-06,64.519997,65.790001,64.339996,65.790001,2515300,60.485729
2012-06-07,66.290001,66.57,65.25,65.339996,1827600,60.072006
2012-06-08,65.019997,66.339996,64.830002,66.300003,2424400,60.954613
2012-06-11,66.830002,67.0,65.57,65.639999,1980100,60.347822
2012-06-12,65.5,66.5,65.239998,66.389999,1908700,61.037353
2012-06-13,66.07,66.849998,65.68,66.220001,2011800,60.881061
2012-06-14,66.150002,67.400002,65.800003,67.199997,2115200,61.782045
2012-06-15,67.209999,67.839996,66.889999,67.760002,2867300,62.296901
2012-06-18,67.779999,68.809998,67.540001,68.620003,2164200,63.087564
2012-06-19,68.779999,69.690002,68.709999,68.989998,2461300,63.427729
2012-06-20,68.989998,69.040001,67.949997,68.470001,2410000,62.949657
2012-06-21,68.82,68.959999,67.07,67.129997,2482200,61.717689
2012-06-22,67.480003,68.0,67.080002,67.860001,1967600,62.388837
2012-06-25,67.139999,67.769997,66.989998,67.360001,1635300,61.929149
2012-06-26,68.620003,68.760002,67.32,68.550003,2815600,63.023208
2012-06-27,68.93,69.779999,68.449997,69.629997,2571600,64.016129
2012-06-28,69.120003,69.769997,68.309998,69.68,1947100,64.265149
2012-06-29,70.190002,70.650002,69.489998,69.910004,2903300,64.477278
2012-07-02,70.129997,71.599998,70.110001,71.5,2208500,65.943716
2012-07-03,71.629997,71.870003,71.199997,71.43,1066200,65.879156
2012-07-05,71.32,71.43,70.739998,71.220001,1596500,65.685476
2012-07-06,70.43,71.010002,70.360001,70.790001,1858400,65.288891
2012-07-09,71.099998,71.940002,70.68,71.82,2335600,66.238848
2012-07-10,71.93,72.18,69.699997,69.900002,3898900,64.468053
2012-07-11,69.900002,70.389999,69.040001,70.199997,3277400,64.744736
2012-07-12,69.93,71.419998,69.470001,71.089996,3436700,65.565573
2012-07-13,71.059998,72.150002,71.010002,72.150002,2675700,66.543205
2012-07-16,72.150002,72.419998,71.879997,72.279999,2232300,66.6631
2012-07-17,72.650002,73.040001,72.190002,73.029999,2019600,67.354818
2012-07-18,72.300003,72.360001,69.459999,70.099998,6416800,64.652509
2012-07-19,70.010002,70.75,69.68,70.519997,2912200,65.039869
2012-07-20,70.300003,71.099998,70.199997,70.919998,2668900,65.408786
2012-07-23,70.339996,70.529999,69.709999,69.940002,2189000,64.504946
2012-07-24,69.440002,69.559998,68.650002,69.139999,2849400,63.767111
2012-07-25,69.480003,69.760002,68.809998,69.260002,2504400,63.877789
2012-07-26,70.150002,71.480003,70.150002,71.029999,3141800,65.510238
2012-07-27,71.360001,72.550003,71.360001,72.330002,2620400,66.709218
2012-07-30,72.370003,72.93,72.0,72.110001,1914900,66.506313
2012-07-31,72.099998,72.809998,71.879997,72.309998,3952900,66.690768
2012-08-01,70.860001,75.620003,70.0,71.559998,9242300,65.999051
2012-08-02,71.440002,72.209999,71.050003,72.190002,2667200,66.580098
2012-08-03,72.760002,73.410004,72.660004,73.07,2613000,67.39171
2012-08-06,73.360001,73.360001,72.459999,72.5,1568500,66.866005
2012-08-07,71.639999,71.989998,70.25,70.519997,4340600,65.039869
2012-08-08,70.620003,70.790001,69.959999,70.040001,2784200,64.597173
2012-08-09,70.07,70.440002,69.839996,70.279999,2312500,64.818521
2012-08-10,70.300003,70.639999,69.910004,70.510002,1589600,65.030651
2012-08-13,70.449997,71.550003,70.410004,71.209999,2304500,65.676251
2012-08-14,71.260002,71.559998,71.029999,71.379997,1503400,65.833038
2012-08-15,71.400002,71.949997,71.120003,71.199997,1353500,65.667026
2012-08-16,71.089996,71.190002,70.470001,71.050003,1827900,65.528688
2012-08-17,71.360001,71.360001,70.790001,71.220001,1883500,65.685476
2012-08-20,71.209999,71.309998,70.389999,71.309998,1499900,65.768478
2012-08-21,71.440002,71.720001,70.029999,70.169998,2397400,64.717069
2012-08-22,70.040001,70.440002,69.779999,69.870003,1976800,64.440386
2012-08-23,69.760002,69.779999,69.190002,69.209999,2048400,63.831671
2012-08-24,69.0,69.720001,68.870003,69.440002,3588500,64.043801
2012-08-27,69.5,69.660004,69.040001,69.5,2470500,64.099136
2012-08-28,69.239998,69.959999,69.099998,69.489998,1881100,64.089911
2012-08-29,69.330002,70.019997,69.309998,69.75,1222200,64.329709
2012-08-30,69.370003,70.199997,69.32,70.120003,1386400,64.670958
2012-08-31,70.269997,70.519997,69.519997,70.400002,1956800,64.929198
2012-09-04,70.480003,70.919998,69.839996,70.779999,1517200,65.279666
2012-09-05,70.910004,71.019997,70.300003,70.940002,1717700,65.427236
2012-09-06,71.169998,71.779999,71.059998,71.639999,2100600,66.072836
2012-09-07,71.900002,72.32,71.589996,71.919998,2022100,66.331076
2012-09-10,71.910004,72.110001,71.290001,71.400002,1832500,65.851488
2012-09-11,71.360001,71.889999,71.32,71.739998,1282900,66.165063
2012-09-12,72.029999,72.07,71.440002,71.949997,1358700,66.358743
2012-09-13,71.910004,73.199997,71.910004,72.790001,2357300,67.13347
2012-09-14,72.910004,73.099998,71.07,71.360001,3215000,65.814596
2012-09-17,71.190002,71.639999,71.040001,71.190002,1972500,65.657808
2012-09-18,71.349998,71.459999,71.010002,71.110001,1843800,65.584023
2012-09-19,71.110001,71.279999,70.629997,70.660004,2898000,65.168996
2012-09-20,70.419998,70.919998,70.190002,70.790001,2675400,65.288891
2012-09-21,71.07,71.330002,70.400002,70.410004,3795500,64.938423
2012-09-24,70.300003,70.980003,70.0,70.900002,1882200,65.390343
2012-09-25,70.959999,71.580002,70.059998,70.089996,3240500,64.643284
2012-09-26,70.099998,71.660004,70.029999,70.720001,2232700,65.224331
2012-09-27,70.669998,71.379997,70.510002,71.059998,1638700,65.751748
2012-09-28,70.830002,71.550003,70.760002,71.389999,2604000,66.057099
2012-10-01,71.610001,72.449997,70.709999,71.07,2236000,65.761003
2012-10-02,71.089996,71.660004,70.449997,71.660004,2860300,66.306933
2012-10-03,71.889999,72.989998,71.540001,72.660004,2140600,67.232232
2012-10-04,72.779999,72.989998,71.839996,71.919998,2667600,66.547506
2012-10-05,72.379997,72.980003,72.129997,72.82,2135800,67.380276
2012-10-08,72.709999,72.769997,71.980003,72.510002,1357700,67.093436
2012-10-09,72.489998,72.82,71.57,71.639999,1555200,66.288423
2012-10-10,71.720001,72.639999,71.559998,72.550003,1842000,67.130449
2012-10-11,72.599998,72.739998,71.43,71.669998,2701200,66.316181
2012-10-12,71.800003,72.309998,71.639999,72.169998,1576100,66.778831
2012-10-15,72.279999,75.68,72.059998,75.349998,5277800,69.721282
2012-10-16,75.589996,76.220001,74.709999,74.760002,2319200,69.175359
2012-10-17,74.120003,75.040001,74.120003,74.790001,2845100,69.203117
2012-10-18,74.75,75.550003,74.529999,75.489998,1753500,69.850823
2012-10-19,75.410004,75.489998,73.82,73.839996,2531700,68.324078
2012-10-22,73.440002,73.82,72.519997,73.559998,1910200,68.064996
2012-10-23,72.989998,73.779999,72.449997,73.43,1993800,67.944709
2012-10-24,73.559998,73.75,73.160004,73.5,1454300,68.00948
2012-10-25,73.870003,73.970001,72.290001,73.32,1996500,67.842926
2012-10-26,73.449997,73.739998,72.660004,73.370003,1552200,67.889194
2012-10-31,72.889999,75.410004,72.139999,75.290001,2992600,69.665766
2012-11-01,75.169998,75.540001,73.230003,74.580002,2418000,69.008805
2012-11-02,75.040001,75.550003,74.339996,74.470001,2650500,68.907021
2012-11-05,73.769997,74.400002,73.230003,73.989998,2295900,68.462875
2012-11-06,74.019997,74.5,73.379997,73.769997,2115100,68.259308
2012-11-07,74.040001,76.040001,74.029999,75.239998,5049000,69.619498
2012-11-08,75.330002,75.580002,74.449997,74.480003,2403400,68.916276
2012-11-09,74.150002,75.139999,74.150002,74.839996,1956700,69.249377
2012-11-12,75.129997,75.239998,73.760002,74.739998,1933900,69.156849
2012-11-13,74.480003,75.459999,74.209999,74.230003,1319500,68.684951
2012-11-14,74.389999,74.629997,73.220001,73.440002,1778200,67.953964
2012-11-15,73.389999,73.790001,71.760002,72.349998,1977800,66.945385
2012-11-16,72.43,74.040001,72.349998,73.860001,3547500,68.342588
2012-11-19,74.610001,74.699997,73.510002,73.709999,2262700,68.203792
2012-11-20,73.760002,74.269997,73.07,73.75,1882300,68.240805
2012-11-21,73.769997,74.160004,73.589996,74.120003,1517900,68.583168
2012-11-23,74.279999,75.0,74.019997,74.980003,727000,69.378926
2012-11-26,74.589996,74.889999,73.959999,74.349998,1407000,68.795983
2012-11-27,74.150002,74.82,73.620003,74.199997,1831400,68.657187
2012-11-28,74.019997,74.25,73.370003,74.209999,1627600,68.666442
2012-11-29,74.489998,75.029999,74.190002,74.900002,1350000,69.3049
2012-11-30,74.919998,75.480003,74.800003,74.93,2178200,69.332658
2012-12-03,75.0,75.449997,74.580002,74.879997,1509800,69.28639
2012-12-04,75.0,75.540001,74.550003,74.830002,1485900,69.240129
2012-12-05,74.959999,74.989998,73.519997,74.610001,1959200,69.036563
2012-12-06,74.650002,75.010002,74.349998,74.980003,1613900,69.378926
2012-12-07,75.010002,75.559998,74.849998,75.449997,1510800,69.81381
2012-12-10,75.580002,75.599998,75.040001,75.120003,1694500,69.508467
2012-12-11,75.389999,75.949997,75.07,75.209999,1843000,69.591741
2012-12-12,75.360001,76.480003,75.139999,76.190002,2310200,70.498537
2012-12-13,75.980003,77.0,75.760002,76.089996,2411000,70.628486
2012-12-14,75.870003,76.709999,75.870003,76.669998,2617500,71.166857
2012-12-17,76.949997,76.959999,76.199997,76.900002,2539400,71.380351
2012-12-18,77.129997,77.160004,76.239998,76.800003,2569800,71.28753
2012-12-19,76.959999,77.0,76.120003,76.129997,2334500,70.665615
2012-12-20,76.190002,77.260002,75.919998,77.260002,2085600,71.714512
2012-12-21,76.870003,77.029999,76.309998,76.769997,2731000,71.259678
2012-12-24,76.769997,77.190002,76.559998,77.0,779900,71.473172
2012-12-26,76.980003,77.040001,76.099998,76.290001,1206500,70.814135
2012-12-27,76.32,76.839996,75.360001,76.290001,1612800,70.814135
2012-12-28,75.860001,76.699997,75.860001,75.889999,1243900,70.442844
2012-12-31,75.889999,77.269997,75.800003,77.269997,1713100,71.723789
2013-01-02,78.389999,79.050003,78.239998,79.050003,3119400,73.376032
2013-01-03,78.370003,78.470001,76.800003,77.120003,4443700,71.584561
2013-01-04,77.279999,77.410004,76.610001,77.050003,2231800,71.519586
2013-01-07,76.709999,77.190002,76.709999,76.959999,1764500,71.436042
2013-01-08,76.980003,77.449997,76.839996,77.269997,2200000,71.723789
2013-01-09,77.529999,77.949997,77.370003,77.730003,1529000,72.150778
2013-01-10,78.160004,78.870003,77.910004,78.669998,2949800,73.023303
2013-01-11,78.800003,79.050003,78.540001,78.779999,1798800,73.125408
2013-01-14,78.900002,79.040001,78.389999,78.699997,1094300,73.051148
2013-01-15,78.650002,79.330002,78.25,79.32,2038700,73.626649
2013-01-16,79.25,79.309998,78.540001,78.699997,1767500,73.051148
2013-01-17,78.75,79.120003,78.589996,78.870003,1927100,73.208952
2013-01-18,78.93,79.379997,78.739998,79.349998,1835000,73.654495
2013-01-22,79.470001,79.489998,78.970001,79.25,1729500,73.561674
2013-01-23,78.989998,79.389999,78.809998,78.970001,1698900,73.301773
2013-01-24,79.0,79.980003,79.0,79.629997,2309100,73.914396
2013-01-25,79.699997,79.919998,79.199997,79.900002,1709600,74.16502
2013-01-28,79.730003,79.730003,78.75,78.879997,1961100,73.218229
2013-01-29,78.900002,79.07,78.5,78.620003,1857200,72.976896
2013-01-30,79.139999,79.139999,76.879997,76.949997,3551300,71.426758
2013-01-31,77.07,77.150002,75.370003,76.150002,4192300,70.684184
2013-02-01,76.610001,77.110001,76.400002,76.650002,3043000,71.148295
2013-02-04,76.260002,76.779999,76.150002,76.459999,2717400,70.971931
2013-02-05,76.790001,76.980003,76.540001,76.730003,2993200,71.222555
2013-02-06,76.400002,76.57,75.68,75.949997,2096100,70.498535
2013-02-07,76.120003,76.470001,75.660004,75.889999,3342700,70.442844
2013-02-08,75.760002,77.080002,75.550003,77.059998,1941100,71.528863
2013-02-11,76.809998,76.879997,76.25,76.379997,1257100,70.897671
2013-02-12,76.370003,76.57,75.449997,75.589996,2150700,70.164374
2013-02-13,75.639999,75.699997,73.589996,74.0,4744000,68.688503
2013-02-14,73.669998,73.919998,72.559998,73.480003,4252600,68.20583
2013-02-15,73.669998,75.260002,73.559998,75.18,3591300,69.783806
2013-02-19,75.370003,75.5,73.980003,74.620003,2622400,69.264004
2013-02-20,74.529999,74.739998,73.919998,73.949997,2179700,68.642089
2013-02-21,73.739998,74.120003,73.559998,73.779999,2294700,68.484293
2013-02-22,74.199997,74.989998,74.150002,74.519997,2464000,69.171176
2013-02-25,74.809998,75.690002,73.660004,73.660004,3727600,68.372911
2013-02-26,73.900002,75.779999,73.830002,75.510002,4046200,70.090122
2013-02-27,75.510002,78.089996,75.269997,77.400002,4956300,71.844463
2013-02-28,77.239998,78.309998,77.120003,77.599998,3004400,72.030104
2013-03-01,77.540001,78.190002,77.269997,78.129997,2246600,72.522062
2013-03-04,77.989998,78.900002,77.800003,78.860001,1470900,73.199667
2013-03-05,79.32,79.349998,78.32,78.650002,1715100,73.004741
2013-03-06,78.790001,78.989998,77.360001,77.5,2074000,71.937284
2013-03-07,77.330002,77.879997,77.169998,77.559998,1817300,71.992975
2013-03-08,77.900002,78.07,76.82,77.139999,2022600,71.603123
2013-03-11,77.129997,77.470001,76.589996,76.900002,1712600,71.380351
2013-03-12,76.839996,77.110001,75.790001,76.029999,2455600,70.572795
2013-03-13,75.980003,76.339996,75.760002,76.120003,2722400,70.656338
2013-03-14,76.25,76.839996,76.209999,76.410004,1640700,70.925524
2013-03-15,76.050003,76.129997,75.260002,75.559998,2912500,70.136529
2013-03-18,75.07,75.5,74.889999,75.050003,2249500,69.66314
2013-03-19,75.230003,75.32,73.910004,74.529999,2729200,69.18046
2013-03-20,74.639999,75.370003,74.550003,75.32,1771600,69.913757
2013-03-21,75.209999,77.019997,75.199997,76.290001,3336500,70.814135
2013-03-22,76.510002,77.07,76.290001,76.730003,1799600,71.222555
2013-03-25,76.889999,77.080002,76.080002,76.260002,1847800,70.786289
2013-03-26,76.620003,76.959999,75.809998,75.889999,2459500,70.442844
2013-03-27,75.470001,77.139999,75.470001,76.860001,1741400,71.343221
2013-03-28,76.910004,77.209999,76.279999,76.919998,2008900,71.398913
2013-04-01,76.970001,77.75,76.599998,77.75,1722500,72.169339
2013-04-02,77.879997,78.870003,77.68,78.730003,2103900,73.079001
2013-04-03,78.68,78.760002,77.489998,78.019997,2315500,72.419956
2013-04-04,78.160004,78.870003,78.160004,78.580002,1989200,72.939766
2013-04-05,77.769997,78.129997,77.25,77.82,2206300,72.234315
2013-04-08,77.769997,79.0,77.68,79.0,1628800,73.575435
2013-04-09,79.080002,79.440002,78.43,79.290001,2319200,73.845522
2013-04-10,79.480003,79.980003,79.389999,79.870003,1855800,74.385698
2013-04-11,79.910004,80.730003,79.82,80.32,1396500,74.804796
2013-04-12,80.239998,80.68,79.870003,80.669998,1617200,75.130762
2013-04-15,80.629997,80.93,79.43,79.43,1919400,73.975909
2013-04-16,79.809998,80.620003,79.110001,80.589996,1598800,75.056253
2013-04-17,79.980003,80.199997,79.510002,79.779999,1716800,74.301874
2013-04-18,79.93,80.099998,79.080002,80.059998,2235200,74.562647
2013-04-19,80.339996,81.410004,80.120003,81.050003,1877200,75.484673
2013-04-22,81.389999,81.580002,80.57,81.019997,1504700,75.456727
2013-04-23,81.25,82.43,80.790001,81.900002,1591400,76.276306
2013-04-24,82.0,82.059998,80.849998,81.0,1880600,75.438104
2013-04-25,81.360001,84.290001,81.139999,83.839996,3041200,78.083091
2013-04-26,83.800003,83.989998,82.550003,82.970001,1527500,77.272834
2013-04-29,83.040001,83.150002,82.470001,83.040001,1266900,77.338027
2013-04-30,83.419998,84.019997,82.830002,83.989998,2182900,78.222792
2013-05-01,78.540001,84.209999,78.540001,83.93,2367900,78.166915
2013-05-02,84.25,84.980003,83.25,83.849998,1659900,78.092406
2013-05-03,84.57,84.669998,83.230003,83.559998,1669600,77.822318
2013-05-06,83.589996,83.879997,82.760002,83.080002,1446100,77.375281
2013-05-07,83.400002,83.709999,83.150002,83.550003,1550100,77.81301
2013-05-08,83.5,85.150002,83.25,84.629997,2353500,78.818846
2013-05-09,84.699997,84.769997,83.330002,83.559998,1692700,77.822318
2013-05-10,83.879997,84.739998,82.900002,83.099998,2017200,77.393905
2013-05-13,83.150002,83.879997,82.919998,82.959999,1884300,77.263519
2013-05-14,83.080002,83.980003,83.080002,83.730003,2199500,77.98065
2013-05-15,83.620003,84.389999,83.419998,84.330002,1295000,78.53945
2013-05-16,84.040001,84.419998,83.080002,83.209999,1416400,77.496352
2013-05-17,83.129997,84.480003,83.129997,84.449997,1826000,78.651205
2013-05-20,84.459999,84.709999,83.720001,83.919998,1686400,78.157599
2013-05-21,84.370003,85.260002,84.110001,84.639999,1657000,78.828161
2013-05-22,84.629997,84.980003,81.669998,82.169998,2275300,76.527764
2013-05-23,81.709999,81.900002,80.480003,81.580002,2722100,75.97828
2013-05-24,81.160004,81.849998,80.889999,81.720001,1487800,76.108666
2013-05-28,82.57,83.080002,81.160004,81.5,2175600,75.903771
2013-05-29,80.919998,80.940002,78.900002,79.440002,3547600,73.985224
2013-05-30,79.480003,80.150002,78.669998,78.769997,2850200,73.361224
2013-05-31,78.75,79.43,77.839996,77.839996,3326600,72.495083
2013-06-03,77.830002,78.589996,77.199997,77.419998,3734400,72.103924
2013-06-04,77.309998,77.970001,76.57,76.629997,3311300,71.368169
2013-06-05,76.639999,77.300003,75.769997,75.870003,3769700,70.66036
2013-06-06,75.849998,78.519997,75.790001,78.480003,3230300,73.091144
2013-06-07,78.790001,79.050003,77.269997,78.769997,3873600,73.361224
2013-06-10,78.790001,78.860001,76.400002,76.449997,3986300,71.200528
2013-06-11,75.980003,76.410004,75.209999,75.82,3498900,70.61379
2013-06-12,76.199997,76.349998,74.43,74.599998,3772900,69.477561
2013-06-13,74.43,76.629997,74.330002,76.480003,3548200,71.487209
2013-06-14,76.190002,78.349998,76.190002,77.330002,3522400,72.281718
2013-06-17,77.720001,77.879997,76.419998,76.919998,2870900,71.89848
2013-06-18,77.110001,78.139999,77.029999,77.290001,2258300,72.244328
2013-06-19,77.32,77.470001,74.410004,74.440002,3936500,69.580385
2013-06-20,73.769997,73.769997,70.239998,70.440002,7500000,65.841514
2013-06-21,70.919998,72.669998,70.629997,71.989998,6099500,67.290322
2013-06-24,71.239998,72.279999,69.540001,71.089996,4436800,66.449075
2013-06-25,71.459999,73.32,71.309998,72.900002,4107500,68.140918
2013-06-26,73.489998,74.080002,73.43,73.830002,3401100,69.010206
2013-06-27,74.080002,75.550003,73.910004,74.230003,3645900,69.384095
2013-06-28,74.199997,74.220001,72.910004,73.169998,5954200,68.393289
2013-07-01,73.43,73.959999,71.830002,72.010002,5240000,67.30902
2013-07-02,71.760002,72.809998,71.760002,72.169998,3486900,67.458571
2013-07-03,71.889999,72.510002,70.919998,72.379997,3457200,67.654861
2013-07-05,72.769997,72.769997,70.019997,71.669998,4240200,66.991213
2013-07-08,72.0,72.660004,71.669998,72.050003,3483500,67.34641
2013-07-09,72.720001,72.910004,72.080002,72.860001,3772400,68.103529
2013-07-10,72.610001,75.860001,72.57,75.739998,6939600,70.795513
2013-07-11,76.940002,78.330002,76.610001,77.230003,5572400,72.188248
2013-07-12,77.830002,78.32,76.910004,77.839996,2874500,72.758419
2013-07-15,76.449997,77.720001,75.400002,76.160004,5076600,71.1881
2013-07-16,75.949997,76.440002,74.349998,74.709999,5977100,69.832755
2013-07-17,73.019997,74.699997,71.5,73.870003,26259800,69.047596
2013-07-18,74.5,75.32,74.07,74.440002,6358000,69.580385
2013-07-19,74.550003,75.160004,74.339996,75.129997,4090600,70.225335
2013-07-22,75.150002,75.260002,73.599998,74.32,3882200,69.468216
2013-07-23,74.629997,75.010002,74.099998,74.75,3198200,69.870145
2013-07-24,74.779999,74.800003,73.589996,73.940002,3459600,69.113026
2013-07-25,73.339996,73.510002,72.089996,72.309998,4466600,67.589431
2013-07-26,72.199997,72.650002,72.029999,72.580002,2580200,67.841809
2013-07-29,72.57,73.040001,72.230003,72.419998,2659200,67.692251
2013-07-30,72.82,73.449997,72.470001,72.669998,2931700,67.92593
2013-07-31,72.790001,73.160004,69.739998,70.790001,7677400,66.168664
2013-08-01,71.400002,72.510002,71.010002,71.279999,4097800,66.626673
2013-08-02,71.209999,72.190002,70.489998,70.5,3664700,65.897595
2013-08-05,70.220001,71.0,70.220001,70.940002,2671700,66.308873
2013-08-06,70.720001,71.279999,70.059998,70.269997,3766300,65.682606
2013-08-07,70.300003,70.470001,69.0,69.089996,3922800,64.579639
2013-08-08,69.010002,69.400002,68.029999,68.989998,4713200,64.486169
2013-08-09,68.769997,70.510002,68.769997,70.160004,4988100,65.579794
2013-08-12,70.099998,70.18,69.349998,69.660004,3506900,65.112435
2013-08-13,70.099998,70.190002,68.970001,69.279999,3529700,64.757238
2013-08-14,69.440002,69.93,69.029999,69.699997,3299100,65.149818
2013-08-15,68.889999,69.589996,68.559998,69.480003,3105500,64.944186
2013-08-16,69.160004,69.580002,68.550003,68.580002,2716200,64.102939
2013-08-19,68.57,69.389999,68.339996,68.360001,2361300,63.897299
2013-08-20,68.400002,69.989998,68.389999,69.379997,2481500,64.850708
2013-08-21,69.190002,69.779999,68.809998,69.029999,2083400,64.523559
2013-08-22,68.709999,69.010002,67.889999,68.879997,2141200,64.38335
2013-08-23,69.040001,70.099998,68.809998,70.059998,2524300,65.486317
2013-08-26,70.019997,70.489998,69.699997,69.940002,2323300,65.374155
2013-08-27,69.199997,70.239998,69.040001,70.059998,3515900,65.486317
2013-08-28,69.949997,70.330002,69.080002,69.089996,3179600,64.579639
2013-08-29,69.050003,69.93,68.839996,69.690002,1964000,65.140476
2013-08-30,69.760002,69.940002,69.32,69.489998,2464600,64.953528
2013-09-03,69.82,70.300003,68.790001,69.230003,2446800,64.710506
2013-09-04,69.230003,69.489998,68.919998,69.239998,3287200,64.719848
2013-09-05,69.290001,69.690002,68.690002,68.75,2641800,64.261839
2013-09-06,71.050003,72.440002,70.709999,71.910004,6812300,67.21555
2013-09-09,72.160004,74.269997,72.160004,74.260002,4212100,69.412135
2013-09-10,74.690002,74.949997,74.089996,74.580002,3733500,69.711244
2013-09-11,74.690002,75.019997,74.269997,75.019997,2613000,70.122515
2013-09-12,75.150002,75.150002,73.720001,74.120003,2538300,69.281275
2013-09-13,74.25,74.269997,73.349998,73.709999,1919700,68.898038
2013-09-16,75.160004,75.739998,74.220001,74.269997,2715400,69.421477
2013-09-17,74.129997,74.68,73.68,73.919998,2935100,69.094327
2013-09-18,74.0,75.989998,72.760002,75.75,4725500,70.804862
2013-09-19,75.769997,75.82,74.779999,74.82,2338700,70.19504
2013-09-20,74.93,75.019997,73.639999,73.919998,3416000,69.350671
2013-09-23,73.650002,74.419998,72.940002,72.959999,2305600,68.450014
2013-09-24,73.040001,73.419998,72.370003,72.849998,2635300,68.346813
2013-09-25,72.620003,73.830002,72.510002,73.769997,2270200,69.209942
2013-09-26,73.900002,74.629997,73.830002,74.629997,1875100,70.016782
2013-09-27,74.540001,74.900002,74.230003,74.519997,2552200,69.913581
2013-09-30,73.849998,74.559998,73.610001,74.129997,2719900,69.54769
2013-10-01,74.129997,74.449997,73.809998,74.059998,2219200,69.482017
2013-10-02,73.849998,74.279999,73.510002,73.989998,1766100,69.416344
2013-10-03,73.849998,73.970001,73.190002,73.43,2712900,68.890963
2013-10-04,73.279999,73.739998,72.360001,72.690002,2649400,68.196707
2013-10-07,72.389999,73.550003,72.309998,73.029999,1844900,68.515687
2013-10-08,72.75,73.120003,71.830002,71.889999,1944200,67.446156
2013-10-09,72.080002,72.379997,71.550003,71.620003,2209000,67.192849
2013-10-10,72.110001,73.639999,72.050003,73.589996,2665800,69.041068
2013-10-11,73.620003,74.730003,73.599998,74.440002,2131400,69.838532
2013-10-14,74.010002,74.739998,73.82,74.639999,1794200,70.026166
2013-10-15,74.290001,75.169998,74.269997,74.730003,2141200,70.110607
2013-10-16,75.260002,77.25,75.019997,77.120003,4014800,72.352869
2013-10-17,76.949997,79.480003,76.779999,79.339996,3561100,74.435635
2013-10-18,79.699997,79.949997,78.739998,79.010002,2778000,74.126039
2013-10-21,78.699997,79.760002,78.260002,79.510002,3199400,74.595132
2013-10-22,79.599998,80.970001,79.330002,80.129997,3649600,75.176803
2013-10-23,79.559998,79.639999,78.339996,79.0,2242400,74.116656
2013-10-24,79.389999,80.559998,79.160004,80.379997,2188700,75.411349
2013-10-25,80.300003,80.870003,79.709999,80.82,2251900,75.824153
2013-10-28,80.940002,80.959999,79.900002,80.300003,2541800,75.3363
2013-10-29,80.260002,80.519997,79.669998,80.290001,1917700,75.326916
2013-10-30,79.050003,81.360001,78.75,80.690002,3562900,75.702191
2013-10-31,80.25,80.959999,79.129997,79.349998,3676800,74.445019
2013-11-01,79.449997,80.43,78.610001,79.370003,2759400,74.463787
2013-11-04,79.419998,79.709999,78.669998,79.0,1868400,74.116656
2013-11-05,78.900002,79.800003,78.309998,78.599998,3250200,73.74138
2013-11-06,78.949997,79.809998,78.779999,79.529999,2104300,74.613893
2013-11-07,79.57,80.050003,78.639999,78.769997,2878000,73.90087
2013-11-08,78.470001,78.769997,76.440002,77.790001,3746200,72.981452
2013-11-11,79.010002,79.010002,77.419998,77.449997,2277000,72.662465
2013-11-12,77.720001,78.410004,77.190002,77.959999,2408800,73.140942
2013-11-13,77.57,78.300003,77.410004,78.169998,2000900,73.33796
2013-11-14,78.639999,79.419998,78.0,79.099998,2065400,74.210473
2013-11-15,78.879997,79.489998,78.790001,79.279999,1852100,74.379346
2013-11-18,79.18,79.389999,78.449997,78.57,1236500,73.713235
2013-11-19,78.57,79.059998,77.93,78.099998,2041500,73.272287
2013-11-20,78.480003,79.559998,77.440002,78.129997,2196800,73.300432
2013-11-21,78.190002,78.360001,77.43,77.589996,2058100,72.793811
2013-11-22,77.650002,77.800003,76.220001,77.279999,2078200,72.502975
2013-11-25,77.339996,77.389999,76.629997,77.0,2077100,72.240285
2013-11-26,76.949997,78.489998,76.93,78.029999,3368700,73.206614
2013-11-27,77.900002,78.5,77.389999,78.370003,1444000,73.525601
2013-11-29,78.360001,78.879997,77.610001,77.769997,834800,72.962684
2013-12-02,77.629997,78.629997,77.300003,78.209999,2036400,73.375488
2013-12-03,77.830002,78.120003,77.550003,77.709999,2039300,72.906395
2013-12-04,77.330002,78.410004,77.139999,77.43,2197200,72.643705
2013-12-05,77.370003,78.160004,76.720001,77.75,2018900,72.943924
2013-12-06,78.309998,78.489998,77.470001,78.080002,1465300,73.253527
2013-12-09,78.169998,78.900002,77.690002,78.839996,2165300,73.966542
2013-12-10,78.709999,79.480003,78.389999,79.209999,1794200,74.313674
2013-12-11,79.089996,79.199997,77.550003,77.809998,2760500,73.000212
2013-12-12,77.25,77.449997,76.599998,76.690002,2299700,72.218613
2013-12-13,77.0,77.739998,76.5,76.760002,2253300,72.284531
2013-12-16,76.860001,76.980003,75.650002,76.089996,3439600,71.65359
2013-12-17,76.169998,76.82,75.879997,76.389999,2656100,71.936101
2013-12-18,77.220001,78.370003,75.910004,78.220001,3121900,73.659405
2013-12-19,78.080002,78.599998,77.470001,78.110001,2554500,73.555818
2013-12-20,78.269997,78.760002,77.760002,77.949997,3072900,73.405144
2013-12-23,79.019997,79.300003,78.25,78.419998,1785300,73.847742
2013-12-24,78.339996,78.790001,78.220001,78.709999,559700,74.120834
2013-12-26,78.879997,79.07,78.419998,78.839996,951300,74.243252
2013-12-27,79.110001,79.110001,78.339996,78.82,1444900,74.224421
2013-12-30,78.949997,79.879997,78.940002,79.800003,1201000,75.147286
2013-12-31,79.940002,80.129997,79.300003,79.82,1438500,75.166116
2014-01-02,79.510002,79.739998,78.849998,79.449997,1701100,74.817687
2014-01-03,79.330002,80.040001,79.32,79.68,1790100,75.03428
2014-01-06,79.860001,80.279999,79.389999,80.190002,2426700,75.514546
2014-01-07,80.07,81.389999,80.040001,81.300003,2570500,76.559829
2014-01-08,81.360001,82.279999,80.93,81.940002,2469300,77.162513
2014-01-09,82.269997,82.309998,81.629997,82.099998,2084200,77.31318
2014-01-10,82.379997,82.870003,82.220001,82.639999,2093900,77.821697
2014-01-13,82.330002,82.75,81.959999,82.139999,1880000,77.350849
2014-01-14,82.519997,82.769997,82.18,82.660004,1957200,77.840535
2014-01-15,82.699997,83.639999,82.650002,83.260002,1772900,78.40555
2014-01-16,83.290001,83.629997,82.650002,83.269997,1301800,78.414962
2014-01-17,83.529999,83.68,82.879997,83.150002,2636800,78.301963
2014-01-21,83.470001,83.940002,82.980003,83.629997,1583700,78.753973
2014-01-22,83.690002,84.650002,83.419998,83.419998,2139800,78.556218
2014-01-23,83.169998,84.139999,82.610001,83.279999,3796600,78.424381
2014-01-24,82.449997,82.980003,78.769997,79.620003,7207200,74.97778
2014-01-27,79.760002,80.559998,78.599998,79.25,2614600,74.62935
2014-01-28,79.25,80.669998,79.18,80.559998,2188700,75.862969
2014-01-29,80.010002,80.129997,79.139999,79.559998,2990600,74.921274
2014-01-30,80.029999,81.800003,80.029999,81.18,2179400,76.446823
2014-01-31,80.489998,81.43,80.019997,80.879997,2398300,76.164311
2014-02-03,80.739998,81.010002,78.669998,78.830002,3040200,74.23384
2014-02-04,79.160004,79.489998,78.379997,79.139999,2202400,74.525763
2014-02-05,78.949997,79.629997,78.800003,79.010002,1455400,74.403346
2014-02-06,79.220001,79.790001,78.830002,79.760002,1931000,75.109617
2014-02-07,80.099998,80.699997,79.389999,80.379997,2222400,75.693463
2014-02-10,80.480003,81.589996,80.400002,81.519997,2134300,76.766995
2014-02-11,81.550003,82.0,80.980003,81.919998,1371900,77.143675
2014-02-12,81.82,81.93,81.029999,81.790001,1109700,77.021257
2014-02-13,81.309998,82.910004,81.160004,82.489998,1485000,77.680441
2014-02-14,82.57,83.349998,82.519997,83.199997,1088100,78.349044
2014-02-18,83.300003,83.559998,82.620003,83.529999,1670100,78.659805
2014-02-19,83.32,84.349998,83.32,83.75,1827400,78.866979
2014-02-20,83.629997,84.580002,83.120003,84.510002,1829300,79.58267
2014-02-21,84.510002,84.900002,83.93,84.050003,2852100,79.149491
2014-02-24,84.059998,84.519997,82.919998,82.980003,3105700,78.141877
2014-02-25,83.699997,83.699997,79.760002,80.160004,5612200,75.486297
2014-02-26,80.559998,81.410004,80.080002,80.830002,2996000,76.117231
2014-02-27,80.879997,81.580002,80.860001,81.459999,2251500,76.710496
2014-02-28,81.480003,81.650002,80.730003,81.470001,2650700,76.719915
2014-03-03,81.080002,81.540001,80.709999,81.459999,1735000,76.710496
2014-03-04,81.919998,82.029999,81.290001,81.540001,2592900,76.785833
2014-03-05,81.550003,81.559998,80.330002,80.800003,2809300,76.088981
2014-03-06,80.980003,82.43,80.900002,81.919998,2184000,77.143675
2014-03-07,81.919998,81.919998,80.290001,81.309998,1809300,76.56924
2014-03-10,81.089996,81.489998,80.480003,81.18,1293500,76.446823
2014-03-11,81.059998,81.860001,80.809998,81.699997,1550000,76.936501
2014-03-12,81.25,81.540001,80.519997,80.839996,2458100,76.126642
2014-03-13,81.010002,81.239998,80.269997,80.349998,2444100,75.665214
2014-03-14,80.110001,81.059998,80.050003,80.389999,1696000,75.702882
2014-03-17,80.779999,81.989998,80.779999,81.739998,2480800,76.97417
2014-03-18,81.800003,82.290001,81.5,81.800003,1464100,77.030676
2014-03-19,81.860001,82.989998,80.300003,80.68,1997000,75.975975
2014-03-20,80.550003,81.269997,80.110001,81.230003,1815500,76.49391
2014-03-21,81.839996,81.93,80.769997,81.07,3506100,76.343235
2014-03-24,81.43,81.860001,80.169998,80.900002,2142800,76.183149
2014-03-25,81.589996,81.849998,81.019997,81.709999,1988300,76.94592
2014-03-26,81.860001,82.419998,80.739998,80.809998,2478300,76.098393
2014-03-27,80.699997,81.080002,80.010002,80.669998,1889600,75.966556
2014-03-28,80.980003,82.620003,80.910004,82.129997,2467900,77.34143
2014-03-31,82.57,82.989998,81.68,81.870003,1959300,77.096595
2014-04-01,81.980003,82.089996,80.900002,81.610001,2414600,76.851752
2014-04-02,81.5,82.330002,81.129997,81.269997,2161800,76.531572
2014-04-03,81.349998,81.620003,80.699997,81.25,1527200,76.512741
2014-04-04,81.709999,81.75,80.099998,80.730003,2884500,76.023063
2014-04-07,80.800003,81.769997,80.610001,80.669998,3475300,75.966556
2014-04-08,80.68,81.68,80.169998,81.5,2991200,77.053816
2014-04-09,81.650002,82.0,80.910004,81.870003,1974300,77.403634
2014-04-10,81.849998,82.339996,81.230003,81.550003,2492500,77.101091
2014-04-11,81.239998,81.550003,80.540001,80.550003,2284100,76.155646
2014-04-14,81.0,81.660004,80.610001,81.309998,1629700,76.874179
2014-04-15,81.300003,81.860001,80.860001,81.68,1714300,77.223997
2014-04-16,82.269997,82.5,81.940002,82.379997,1608600,77.885806
2014-04-17,82.489998,83.129997,82.32,82.650002,1826200,78.14108
2014-04-21,82.889999,83.089996,82.309998,83.089996,1472600,78.557071
2014-04-22,83.040001,84.129997,82.860001,83.93,2175900,79.351249
2014-04-23,83.660004,84.099998,83.18,84.029999,1477500,79.445792
2014-04-24,84.25,84.269997,83.080002,83.559998,4173100,79.001432
2014-04-25,83.309998,83.589996,82.93,83.080002,1063700,78.547622
2014-04-28,83.339996,83.800003,82.809998,83.459999,1639200,78.906889
2014-04-29,83.690002,83.830002,82.889999,83.0,1664400,78.471985
2014-04-30,83.07,83.769997,82.949997,83.519997,2238200,78.963613
2014-05-01,84.050003,86.519997,83.699997,86.230003,3442300,81.525777
2014-05-02,86.07,88.0,85.949997,87.0,2788500,82.253767
2014-05-05,86.739998,88.82,86.620003,88.400002,2769200,83.577392
2014-05-06,87.540001,87.699997,87.139999,87.199997,2792000,82.442853
2014-05-07,88.330002,88.879997,87.589996,88.349998,2843300,83.530117
2014-05-08,88.199997,88.669998,87.839996,88.25,1706100,83.435574
2014-05-09,88.419998,88.650002,88.029999,88.650002,1289800,83.813754
2014-05-12,88.849998,88.849998,88.160004,88.309998,1729100,83.492298
2014-05-13,88.300003,90.0,88.230003,88.529999,1330600,83.700298
2014-05-14,88.629997,89.400002,88.620003,88.760002,1254800,83.917753
2014-05-15,88.599998,88.75,87.709999,88.660004,1501800,83.82321
2014-05-16,88.75,89.550003,88.25,88.860001,1579000,84.012296
2014-05-19,88.540001,89.099998,87.760002,87.839996,1515300,83.047938
2014-05-20,87.82,88.510002,87.5,88.029999,1677600,83.227575
2014-05-21,88.129997,88.459999,87.989998,88.379997,1197400,83.558479
2014-05-22,88.449997,88.860001,88.32,88.459999,1345100,83.634117
2014-05-23,88.489998,88.940002,88.059998,88.410004,1234700,83.586849
2014-05-27,88.620003,89.300003,88.57,89.0,1321500,84.144658
2014-05-28,88.470001,89.300003,88.339996,89.190002,1371700,84.324295
2014-05-29,89.129997,89.449997,88.790001,89.379997,1235400,84.503925
2014-05-30,89.32,89.730003,89.099998,89.629997,1676600,84.740286
2014-06-02,89.669998,89.779999,88.169998,88.389999,2296100,83.567936
2014-06-03,88.389999,88.889999,88.389999,88.720001,1572600,83.879935
2014-06-04,88.720001,89.120003,88.300003,89.010002,1896900,84.154115
2014-06-05,89.120003,89.830002,88.760002,89.730003,1587500,84.834837
2014-06-06,89.82,90.639999,89.650002,90.419998,1457200,85.487189
2014-06-09,90.529999,90.730003,89.410004,89.660004,1764500,84.768656
2014-06-10,89.379997,90.269997,88.790001,89.32,1267600,84.4472
2014-06-11,89.050003,89.050003,88.339996,88.769997,1131300,83.927202
2014-06-12,88.760002,88.760002,87.800003,88.239998,1772900,83.426117
2014-06-13,88.580002,88.599998,87.419998,88.440002,1296400,83.93864
2014-06-16,88.690002,88.760002,87.410004,87.93,1192500,83.454595
2014-06-17,87.830002,88.470001,87.370003,88.230003,1727400,83.739329
2014-06-18,88.059998,88.239998,87.050003,88.07,1554600,83.587469
2014-06-19,88.010002,88.75,87.699997,88.75,1455400,84.232859
2014-06-20,88.720001,89.139999,88.330002,89.099998,1811100,84.565044
2014-06-23,89.0,89.239998,88.839996,89.089996,915100,84.555551
2014-06-24,88.800003,89.610001,88.769997,89.25,1223500,84.707411
2014-06-25,88.489998,89.580002,88.489998,89.279999,1126200,84.735883
2014-06-26,89.239998,89.339996,88.589996,88.629997,1493200,84.118964
2014-06-27,88.550003,89.510002,88.550003,89.019997,1398600,84.489114
2014-06-30,89.059998,90.0,88.879997,89.980003,2167500,85.400259
2014-07-01,90.080002,90.080002,89.260002,89.709999,2419300,85.143997
2014-07-02,89.699997,90.169998,89.260002,89.739998,1913100,85.172469
2014-07-03,89.730003,90.089996,89.050003,90.010002,1165700,85.428731
2014-07-07,89.720001,90.849998,89.599998,90.730003,1794900,86.112086
2014-07-08,90.459999,90.800003,90.0,90.360001,1750200,85.760915
2014-07-09,90.459999,91.139999,89.870003,90.870003,1613600,86.24496
2014-07-10,90.260002,91.620003,90.110001,91.410004,1569700,86.757476
2014-07-11,91.349998,91.830002,90.989998,91.639999,1066200,86.975765
2014-07-14,91.949997,92.099998,91.419998,91.970001,1469100,87.288971
2014-07-15,91.949997,92.019997,90.809998,91.629997,1776500,86.966272
2014-07-16,91.900002,92.160004,91.440002,92.050003,1294300,87.364901
2014-07-17,91.669998,92.0,90.75,90.839996,1330600,86.21648
2014-07-18,91.239998,92.529999,91.120003,92.470001,1561900,87.763522
2014-07-21,92.169998,92.330002,91.779999,91.860001,1031200,87.184569
2014-07-22,92.32,92.949997,91.800003,92.879997,1563700,88.152651
2014-07-23,93.18,93.300003,92.849998,92.959999,1232300,88.228581
2014-07-24,92.949997,93.050003,92.269997,92.370003,1121500,87.668613
2014-07-25,92.239998,92.949997,92.110001,92.220001,904000,87.526247
2014-07-28,92.449997,92.860001,92.010002,92.400002,1672700,87.697085
2014-07-29,92.510002,93.199997,92.120003,92.349998,1672700,87.649627
2014-07-30,93.57,97.559998,93.57,96.25,2873600,91.351129
2014-07-31,95.839996,96.260002,94.389999,94.389999,2444000,89.585798
2014-08-01,94.470001,95.610001,94.080002,94.349998,1720400,89.547833
2014-08-04,94.75,95.730003,93.879997,95.559998,1864800,90.696246
2014-08-05,94.940002,95.269997,94.110001,94.790001,1976700,89.96544
2014-08-06,95.099998,96.029999,94.129997,95.650002,2432200,90.781669
2014-08-07,95.970001,97.610001,95.779999,97.239998,3220300,92.290739
2014-08-08,97.190002,98.18,96.839996,98.110001,1873900,93.116461
2014-08-11,98.529999,99.559998,97.970001,98.029999,2001300,93.040531
2014-08-12,97.879997,97.93,96.449997,96.709999,2410000,91.787715
2014-08-13,97.160004,97.360001,96.519997,97.209999,1797600,92.262267
2014-08-14,97.550003,97.730003,96.970001,97.550003,1242600,92.584965
2014-08-15,98.080002,98.660004,97.660004,98.209999,1693600,93.211369
2014-08-18,99.099998,99.779999,98.889999,99.779999,1813900,94.70146
2014-08-19,99.760002,99.900002,98.580002,99.059998,2184300,94.018105
2014-08-20,98.989998,99.019997,97.849998,98.660004,1754100,93.63847
2014-08-21,98.970001,99.870003,98.75,98.93,2909300,93.894724
2014-08-22,98.93,98.980003,97.82,98.129997,1658700,93.135439
2014-08-25,98.800003,98.959999,98.400002,98.900002,1203600,93.866253
2014-08-26,99.080002,99.080002,98.400002,98.599998,1147400,93.581519
2014-08-27,98.919998,99.379997,98.550003,98.800003,1417600,93.771344
2014-08-28,98.769997,99.190002,98.629997,98.779999,1054500,93.752358
2014-08-29,99.120003,99.25,98.510002,98.599998,2301600,93.581519
2014-09-02,99.129997,99.260002,98.099998,98.779999,2678400,93.752358
2014-09-03,97.650002,98.260002,97.550003,98.110001,2304200,93.116461
2014-09-04,98.43,98.940002,98.120003,98.599998,2460000,93.581519
2014-09-05,98.510002,99.739998,98.419998,99.629997,1480300,94.559093
2014-09-08,99.800003,99.900002,99.019997,99.360001,957900,94.302839
2014-09-09,99.110001,99.370003,98.129997,98.559998,1464000,93.543554
2014-09-10,98.010002,98.550003,97.379997,97.470001,1757000,92.509035
2014-09-11,97.480003,97.970001,96.93,97.830002,2048800,92.850713
2014-09-12,97.720001,97.75,95.419998,96.010002,2059400,91.123347
2014-09-15,95.839996,96.080002,94.690002,95.139999,2954700,90.297625
2014-09-16,95.139999,95.849998,94.870003,95.470001,2118800,90.61083
2014-09-17,95.769997,96.209999,95.360001,95.629997,1917400,90.762683
2014-09-18,95.889999,96.650002,95.610001,95.879997,1691600,90.999959
2014-09-19,96.18,96.419998,94.860001,95.160004,2661800,90.656997
2014-09-22,95.110001,95.129997,93.849998,94.309998,1740500,89.847214
2014-09-23,94.330002,94.919998,93.910004,93.93,1240600,89.485198
2014-09-24,94.0,94.959999,93.650002,94.190002,1313500,89.732897
2014-09-25,93.830002,94.160004,93.019997,93.120003,1789400,88.71353
2014-09-26,93.040001,94.18,93.010002,93.449997,2737300,89.027909
2014-09-29,92.889999,93.900002,92.779999,93.550003,2140400,89.123183
2014-09-30,93.809998,94.160004,93.260002,93.629997,2919900,89.199392
2014-10-01,93.860001,94.080002,93.089996,93.449997,1928700,89.027909
2014-10-02,93.489998,94.059998,93.089996,93.489998,1672000,89.066017
2014-10-03,93.660004,94.279999,93.480003,93.879997,2997700,89.437561
2014-10-06,94.260002,94.489998,93.599998,93.879997,1475900,89.437561
2014-10-07,93.57,94.199997,93.300003,93.360001,1514800,88.942171
2014-10-08,93.5,95.400002,93.269997,95.330002,1653400,90.818951
2014-10-09,95.269997,96.190002,94.43,94.75,2318900,90.266395
2014-10-10,94.900002,96.349998,94.620003,94.709999,2575000,90.228287
2014-10-13,94.57,94.82,92.940002,93.040001,2227000,88.637314
2014-10-14,93.599998,94.790001,92.959999,93.349998,2548400,88.932642
2014-10-15,92.940002,93.660004,90.199997,91.980003,3452300,87.627476
2014-10-16,90.75,92.760002,90.650002,92.459999,2197500,88.084758
2014-10-17,93.160004,93.830002,92.5,93.169998,2090100,88.76116
2014-10-20,93.209999,94.129997,92.839996,94.089996,1412800,89.637623
2014-10-21,94.419998,95.629997,94.010002,95.599998,1397700,91.076172
2014-10-22,95.669998,96.220001,94.870003,94.940002,1225400,90.447407
2014-10-23,95.510002,96.25,95.239998,95.870003,1500700,91.333399
2014-10-24,95.730003,96.269997,95.379997,96.169998,1442100,91.619199
2014-10-27,95.769997,96.269997,94.949997,96.150002,1664500,91.600148
2014-10-28,95.209999,96.470001,95.209999,96.400002,1599800,91.838318
2014-10-29,96.339996,96.489998,94.849998,95.050003,2970200,90.552202
2014-10-30,96.620003,99.330002,95.629997,98.900002,3037300,94.220017
2014-10-31,99.550003,100.360001,97.43,97.5,3955800,92.886264
2014-11-03,95.830002,97.139999,95.830002,96.860001,2748900,92.27655
2014-11-04,96.959999,97.290001,95.720001,96.879997,3145200,92.2956
2014-11-05,97.260002,97.660004,96.470001,97.650002,2023200,93.029168
2014-11-06,99.699997,101.459999,98.480003,99.550003,4215000,94.83926
2014-11-07,99.82,100.129997,98.709999,99.470001,2515000,94.763044
2014-11-10,98.809998,99.480003,98.610001,99.300003,2005800,94.601091
2014-11-11,99.769997,99.769997,98.730003,99.5,1470500,94.791624
2014-11-12,99.459999,99.800003,98.910004,99.739998,1763000,95.020265
2014-11-13,99.650002,100.449997,99.650002,99.949997,1373100,95.220327
2014-11-14,99.809998,100.059998,99.300003,99.529999,1240400,94.820203
2014-11-17,99.400002,100.099998,99.400002,99.540001,1594900,94.829732
2014-11-18,99.690002,100.82,99.510002,100.650002,1614100,95.887207
2014-11-19,100.919998,100.980003,99.959999,100.809998,1401000,96.039632
2014-11-20,100.620003,101.040001,100.300003,100.709999,1406100,95.944365
2014-11-21,101.669998,102.120003,101.080002,102.099998,3030200,97.268589
2014-11-24,102.190002,102.760002,101.980003,102.470001,2046600,97.621083
2014-11-25,102.449997,104.459999,102.32,104.169998,2601100,99.240636
2014-11-26,104.470001,105.199997,104.0,104.699997,1433900,99.745555
2014-11-28,105.110001,106.309998,104.879997,105.010002,922600,100.04089
2014-12-01,103.75,105.089996,103.300003,103.489998,2463800,98.592813
2014-12-02,102.309998,102.309998,100.410004,101.970001,3843000,97.144743
2014-12-03,102.5,102.589996,101.68,101.68,1809300,96.868465
2014-12-04,101.559998,101.970001,101.260002,101.610001,1633600,96.801778
2014-12-05,101.489998,101.870003,100.269997,100.540001,2124500,95.782411
2014-12-08,100.410004,101.639999,100.339996,100.769997,2175500,96.001524
2014-12-09,100.019997,100.860001,99.730003,100.779999,1665700,96.011052
2014-12-10,100.220001,101.099998,99.970001,100.169998,1824000,95.429917
2014-12-11,100.379997,100.669998,99.800003,99.949997,2068100,95.220327
2014-12-12,99.449997,100.279999,98.540001,98.580002,1486100,94.27358
2014-12-15,98.940002,99.160004,97.18,97.449997,1834300,93.192938
2014-12-16,96.900002,97.32,95.660004,95.779999,2375900,91.595893
2014-12-17,96.040001,97.18,95.580002,97.139999,2143700,92.896483
2014-12-18,97.919998,98.610001,97.440002,98.580002,2276800,94.27358
2014-12-19,99.349998,99.690002,98.349998,99.529999,3225400,95.182076
2014-12-22,99.25,100.760002,99.169998,100.68,1582300,96.281841
2014-12-23,100.860001,101.470001,100.449997,100.650002,2073000,96.253152
2014-12-24,100.800003,101.300003,100.529999,100.75,762900,96.348782
2014-12-26,100.75,101.050003,100.559998,100.639999,975400,96.243587
2014-12-29,100.639999,101.300003,100.389999,100.629997,1140400,96.234022
2014-12-30,100.400002,100.870003,100.07,100.339996,1484700,95.95669
2014-12-31,100.559998,101.0,98.75,98.849998,1367800,94.531782
2015-01-02,99.160004,99.910004,98.900002,99.669998,1462700,95.31596
2015-01-05,99.68,99.68,97.949997,98.230003,2124700,93.938871
2015-01-06,98.300003,98.919998,97.93,97.970001,2329500,93.690227
2015-01-07,98.559998,99.339996,98.050003,99.0,1854900,94.67523
2015-01-08,99.57,100.199997,99.330002,99.919998,2214800,95.555039
2015-01-09,100.040001,100.260002,98.980003,99.410004,1323700,95.067323
2015-01-12,99.650002,99.830002,98.949997,98.980003,1489000,94.656107
2015-01-13,99.550003,99.720001,97.260002,97.879997,2068800,93.604154
2015-01-14,97.379997,97.940002,97.010002,97.260002,2365500,93.011243
2015-01-15,97.639999,98.370003,96.199997,96.279999,3059400,92.074051
2015-01-16,96.25,97.550003,95.870003,97.419998,2435100,93.16425
2015-01-20,98.0,98.0,96.139999,97.129997,2011300,92.886918
2015-01-21,96.809998,97.610001,96.550003,96.75,1907700,92.523521
2015-01-22,97.269997,98.93,97.0,98.830002,4187100,94.512658
2015-01-23,99.139999,100.360001,98.839996,99.599998,2589800,95.249018
2015-01-26,100.220001,101.879997,99.43,101.760002,3049500,97.314663
2015-01-27,100.830002,101.360001,100.059998,100.389999,2019300,96.004508
2015-01-28,100.699997,101.480003,98.82,98.879997,2129800,94.56047
2015-01-29,98.730003,99.089996,97.639999,98.419998,1957700,94.120566
2015-01-30,97.650002,98.410004,96.860001,96.949997,1990700,92.714781
2015-02-02,96.949997,98.059998,95.669998,97.849998,1918300,93.575466
2015-02-03,97.739998,99.160004,97.620003,99.089996,1669300,94.761295
2015-02-04,98.879997,99.32,97.660004,97.849998,1697200,93.575466
2015-02-05,98.290001,100.260002,98.169998,99.589996,1900600,95.239453
2015-02-06,98.870003,98.940002,95.290001,95.730003,5384300,91.548082
2015-02-09,95.650002,97.629997,95.589996,96.699997,2811500,92.475702
2015-02-10,97.169998,97.449997,95.129997,96.370003,2965400,92.160123
2015-02-11,96.589996,96.690002,94.769997,95.959999,2444900,91.76803
2015-02-12,96.279999,96.75,95.730003,95.970001,2101100,91.777596
2015-02-13,95.949997,96.830002,95.5,96.400002,1748900,92.188812
2015-02-17,96.459999,97.25,96.080002,96.220001,3051300,92.016675
2015-02-18,96.120003,96.720001,95.480003,96.199997,2430000,91.997544
2015-02-19,96.190002,96.190002,95.190002,95.260002,1731700,91.098613
2015-02-20,95.300003,96.599998,95.239998,96.529999,3039000,92.31313
2015-02-23,96.529999,97.540001,96.279999,97.330002,2621200,93.078185
2015-02-24,95.419998,96.650002,94.050003,94.650002,6782100,90.51526
2015-02-25,94.389999,98.849998,94.379997,97.849998,6038300,93.575466
2015-02-26,97.559998,100.800003,97.419998,98.879997,18726300,94.56047
2015-02-27,99.400002,99.699997,98.699997,99.139999,4150600,94.809114
2015-03-02,99.139999,99.889999,98.760002,99.400002,2911100,95.057758
2015-03-03,99.309998,99.470001,98.150002,98.279999,3117900,93.986682
2015-03-04,98.339996,98.93,97.690002,98.559998,3103100,94.254449
2015-03-05,98.419998,99.57,98.370003,99.239998,2153100,94.904744
2015-03-06,98.18,98.18,96.199997,96.610001,3799300,92.389637
2015-03-09,97.0,97.449997,96.370003,96.580002,2366300,92.360949
2015-03-10,95.940002,96.230003,94.510002,94.57,2641500,90.438753
2015-03-11,94.510002,95.07,94.239998,94.629997,2146700,90.496129
2015-03-12,95.5,96.290001,95.0,96.269997,2231900,92.064486
2015-03-13,96.220001,96.290001,93.889999,94.239998,2510900,90.123167
2015-03-16,94.730003,95.0,94.040001,94.610001,2881500,90.477006
2015-03-17,94.449997,94.879997,93.849998,94.120003,2764400,90.008414
2015-03-18,94.099998,95.980003,93.209999,95.510002,3493200,91.337691
2015-03-19,95.5,95.620003,94.57,94.589996,2758100,90.457876
2015-03-20,94.699997,97.769997,94.389999,97.690002,3581200,93.422459
2015-03-23,97.720001,98.309998,97.349998,97.639999,1888400,93.374641
2015-03-24,97.769997,98.010002,97.150002,97.160004,2271900,92.915613
2015-03-25,97.129997,97.379997,95.470001,95.470001,1827400,91.299438
2015-03-26,94.620003,95.889999,94.610001,95.199997,1475300,91.041229
2015-03-27,95.800003,96.370003,95.580002,96.040001,2380100,91.844537
2015-03-30,96.57,96.739998,95.720001,96.160004,2564900,91.959298
2015-03-31,95.809998,96.620003,94.150002,94.150002,4335500,90.037102
2015-04-01,96.260002,97.239998,95.610001,96.459999,3388900,92.246188
2015-04-02,96.559998,97.290001,96.400002,96.779999,1526900,92.552209
2015-04-06,96.690002,98.160004,96.5,98.040001,2603800,93.757168
2015-04-07,98.040001,98.639999,96.860001,96.870003,2338400,92.638281
2015-04-08,96.669998,97.57,96.209999,96.529999,1344300,92.715119
2015-04-09,96.279999,96.610001,95.220001,95.339996,1736300,91.572146
2015-04-10,95.550003,95.949997,95.010002,95.07,1468900,91.31282
2015-04-13,95.0,95.790001,94.779999,94.779999,1645600,91.03428
2015-04-14,94.800003,95.139999,93.889999,94.5,2372800,90.765346
2015-04-15,96.0,96.57,95.089996,95.169998,2404200,91.408866
2015-04-16,94.57,96.940002,94.449997,96.760002,2774600,92.936033
2015-04-17,96.239998,96.550003,95.32,96.099998,2320900,92.302113
2015-04-20,96.139999,96.5,95.510002,95.839996,2222600,92.052386
2015-04-21,95.839996,96.199997,94.830002,94.980003,2150300,91.22638
2015-04-22,94.980003,96.040001,94.860001,95.919998,1836500,92.129226
2015-04-23,95.790001,96.440002,95.269997,96.040001,1335600,92.244486
2015-04-24,95.93,96.440002,95.279999,95.32,2210700,91.55294
2015-04-27,95.68,96.029999,95.019997,95.190002,1884700,91.42808
2015-04-28,94.940002,95.779999,94.870003,95.760002,1651600,91.975553
2015-04-29,95.120003,95.620003,93.5,93.510002,3132900,89.814473
2015-04-30,96.379997,96.830002,94.089996,94.529999,4172000,90.79416
2015-05-01,94.650002,94.849998,93.110001,93.480003,3110500,89.78566
2015-05-04,93.449997,94.75,93.279999,94.639999,2479400,90.899813
2015-05-05,94.650002,94.980003,92.860001,93.0,3092800,89.324627
2015-05-06,93.059998,93.93,92.239998,92.860001,3275800,89.19016
2015-05-07,92.919998,94.029999,92.650002,93.629997,1913700,89.929726
2015-05-08,94.75,95.169998,94.080002,94.949997,2055800,91.197559
2015-05-11,94.400002,94.849998,93.129997,93.650002,2369100,89.94894
2015-05-12,93.059998,93.860001,92.099998,93.599998,2170800,89.900913
2015-05-13,93.910004,94.370003,92.510002,92.940002,3154800,89.267
2015-05-14,93.360001,94.849998,93.169998,94.809998,2016800,91.063093
2015-05-15,94.519997,95.550003,94.089996,95.510002,2565300,91.735433
2015-05-18,95.089996,95.739998,94.82,95.199997,1568000,91.437679
2015-05-19,94.910004,95.769997,94.690002,95.449997,1696800,91.677799
2015-05-20,95.330002,95.330002,94.120003,94.32,2370300,90.59246
2015-05-21,94.139999,94.470001,93.610001,93.900002,2322400,90.18906
2015-05-22,93.760002,94.860001,93.339996,94.349998,2274000,90.621273
2015-05-26,94.059998,94.690002,93.629997,94.610001,2670100,90.871
2015-05-27,94.559998,95.349998,94.010002,95.160004,2485400,91.399267
2015-05-28,94.82,94.980003,94.010002,94.599998,2803400,90.861393
2015-05-29,94.699997,94.699997,92.580002,92.790001,5166900,89.122927
2015-06-01,92.699997,94.400002,92.589996,94.230003,2590900,90.50602
2015-06-02,94.010002,94.660004,93.540001,94.150002,2294300,90.42918
2015-06-03,93.860001,94.010002,92.639999,92.68,3080500,89.017273
2015-06-04,92.980003,95.690002,92.830002,94.669998,4211000,90.928626
2015-06-05,94.260002,94.309998,92.5,92.519997,4130600,88.863593
2015-06-08,92.629997,93.379997,92.449997,92.830002,2936300,89.161347
2015-06-09,92.860001,93.029999,91.989998,92.07,2406500,88.43138
2015-06-10,92.18,93.400002,92.0,92.699997,1377700,89.03648
2015-06-11,93.059998,93.839996,92.669998,93.419998,1744400,89.728026
2015-06-12,93.120003,93.57,92.709999,93.199997,1422700,89.51672
2015-06-15,92.25,92.769997,91.989998,92.260002,1616900,89.034205
2015-06-16,92.279999,93.339996,92.160004,93.260002,1676400,89.99924
2015-06-17,93.279999,94.489998,92.870003,94.120003,2347700,90.829172
2015-06-18,94.379997,96.290001,94.010002,96.18,3393700,92.817143
2015-06-19,96.260002,97.059998,95.970001,95.970001,3612200,92.614487
2015-06-22,96.260002,96.650002,95.699997,95.790001,1574200,92.44078
2015-06-23,95.07,96.349998,94.989998,96.25,1848100,92.884695
2015-06-24,96.25,96.389999,95.080002,95.080002,1692600,91.755605
2015-06-25,95.370003,96.970001,94.650002,94.739998,1299300,91.427489
2015-06-26,94.849998,94.870003,93.669998,94.239998,2707900,90.944971
2015-06-29,94.139999,94.75,92.870003,92.940002,1569000,89.690429
2015-06-30,93.650002,93.830002,92.970001,93.290001,2034200,90.02819
2015-07-01,93.879997,94.080002,93.18,94.010002,1805600,90.723017
2015-07-02,94.650002,95.099998,94.040001,94.910004,1856500,91.591551
2015-07-06,94.5,95.150002,94.5,94.980003,2076800,91.659103
2015-07-07,95.540001,95.870003,94.5,95.629997,1601200,92.286371
2015-07-08,95.18,95.599998,94.32,94.480003,1167200,91.176585
2015-07-09,95.309998,95.730003,94.099998,94.389999,1347800,91.089728
2015-07-10,94.830002,95.959999,94.419998,95.419998,1973000,92.083714
2015-07-13,96.040001,96.550003,95.309998,95.699997,1684400,92.353923
2015-07-14,95.809998,96.269997,95.43,95.480003,1469000,92.141621
2015-07-15,95.739998,96.080002,95.260002,95.949997,1683800,92.595182
2015-07-16,96.5,98.019997,96.370003,97.82,2632500,94.399801
2015-07-17,97.739998,97.82,96.440002,96.949997,1588500,93.560217
2015-07-20,96.68,97.160004,96.099998,97.059998,2229000,93.666372
2015-07-21,96.82,97.760002,96.580002,96.949997,1652300,93.560217
2015-07-22,96.809998,97.220001,96.290001,96.540001,1393100,93.164557
2015-07-23,96.480003,98.099998,96.480003,98.0,3172800,94.573508
2015-07-24,98.199997,98.309998,96.639999,96.790001,2360200,93.405816
2015-07-27,96.760002,97.43,96.230003,96.480003,2057100,93.106657
2015-07-28,96.589996,97.0,95.940002,96.68,2563500,93.299661
2015-07-29,95.660004,97.470001,93.769997,96.32,3657700,92.952248
2015-07-30,96.040001,96.040001,94.75,94.949997,1746400,91.630146
2015-07-31,95.029999,95.919998,94.849998,95.110001,2710900,91.784555
2015-08-03,95.25,95.529999,94.849998,95.360001,2229500,92.025814
2015-08-04,95.150002,96.599998,94.760002,96.120003,2261600,92.759243
2015-08-05,96.480003,96.989998,96.099998,96.639999,1888500,93.261059
2015-08-06,97.360001,98.589996,97.360001,98.360001,3543100,94.920921
2015-08-07,98.589996,99.709999,98.470001,99.650002,2977900,96.165819
2015-08-10,99.739998,100.57,99.370003,100.489998,2724200,96.976445
2015-08-11,100.18,101.169998,99.010002,101.0,2468500,97.468615
2015-08-12,100.360001,100.769997,99.150002,99.970001,2788300,96.47463
2015-08-13,99.970001,101.080002,99.269997,100.25,2157200,96.744839
2015-08-14,100.32,101.279999,99.75,101.080002,1574200,97.54582
2015-08-17,100.82,101.540001,100.300003,101.449997,1865300,97.902879
2015-08-18,101.269997,101.540001,100.339996,100.489998,1827300,96.976445
2015-08-19,100.199997,101.029999,99.68,100.400002,1992500,96.889595
2015-08-20,100.139999,100.260002,98.720001,98.849998,2195100,95.393787
2015-08-21,98.559998,99.150002,96.620003,96.699997,3397500,93.318959
2015-08-24,91.739998,93.809998,89.669998,91.940002,7386400,88.725393
2015-08-25,93.279999,93.709999,89.389999,89.510002,4352500,86.380356
2015-08-26,91.190002,91.760002,89.800003,91.529999,4163600,88.329725
2015-08-27,92.389999,94.57,91.809998,93.870003,2877500,90.587913
2015-08-28,93.879997,94.470001,92.970001,93.449997,2286800,90.182592
2015-08-31,93.279999,93.540001,92.120003,92.190002,2198600,88.966652
2015-09-01,90.370003,91.080002,89.660004,90.029999,3258800,86.882172
2015-09-02,91.089996,91.449997,89.980003,91.169998,2047500,87.982312
2015-09-03,91.389999,92.0,90.790001,91.019997,1979400,87.837555
2015-09-04,89.959999,90.400002,88.589996,89.019997,3065800,85.907483
2015-09-08,90.32,90.769997,89.440002,90.050003,2199100,86.901476
2015-09-09,91.089996,91.360001,88.519997,88.699997,2050600,85.598672
2015-09-10,88.57,88.93,87.949997,88.32,3131000,85.231961
2015-09-11,88.529999,89.290001,88.089996,89.260002,2080000,86.139097
2015-09-14,89.290001,89.440002,88.519997,88.830002,1681800,85.724132
2015-09-15,89.040001,89.809998,88.540001,89.550003,2037100,86.418958
2015-09-16,89.25,90.809998,89.25,90.599998,1788200,87.432242
2015-09-17,90.650002,93.019997,90.279999,91.519997,2441900,88.320073
2015-09-18,90.160004,91.400002,90.160004,90.489998,2946000,87.326087
2015-09-21,90.589996,90.779999,90.040001,90.389999,1360600,87.675274
2015-09-22,89.730003,89.910004,88.639999,89.050003,1470000,86.375523
2015-09-23,88.849998,89.199997,88.220001,88.709999,1224500,86.04573
2015-09-24,88.279999,88.480003,87.370003,88.029999,2001500,85.386153
2015-09-25,88.470001,89.610001,88.230003,88.839996,1843200,86.171823
2015-09-28,88.519997,88.68,87.110001,87.209999,2178900,84.59078
2015-09-29,87.349998,87.75,86.830002,87.010002,2015900,84.39679
2015-09-30,87.959999,88.040001,87.080002,87.980003,2234900,85.337659
2015-10-01,87.949997,88.989998,87.470001,88.379997,1704300,85.725639
2015-10-02,87.419998,89.800003,87.230003,89.739998,2474000,87.044794
2015-10-05,90.129997,93.610001,90.129997,93.459999,3042400,90.653071
2015-10-06,93.400002,93.699997,92.779999,93.370003,2794600,90.565778
2015-10-07,93.75,94.239998,93.279999,94.239998,2502000,91.409644
2015-10-08,93.870003,95.760002,93.849998,95.57,2268700,92.699701
2015-10-09,95.339996,95.690002,94.830002,94.940002,2183700,92.088625
2015-10-12,94.900002,95.209999,94.550003,94.800003,1157500,91.95283
2015-10-13,94.150002,94.739998,93.489998,93.699997,1742400,90.885861
2015-10-14,93.900002,93.989998,92.699997,93.059998,1964400,90.265083
2015-10-15,93.510002,94.699997,93.419998,94.650002,1612600,91.807334
2015-10-16,95.129997,96.260002,94.900002,96.129997,2337100,93.24288
2015-10-19,95.68,96.800003,95.68,96.790001,2177000,93.883061
2015-10-20,96.760002,97.139999,96.150002,96.910004,1795400,93.99946
2015-10-21,97.0,97.169998,95.919998,96.059998,1474800,93.174983
2015-10-22,96.32,99.639999,96.32,99.470001,2415900,96.482572
2015-10-23,99.580002,99.940002,98.519997,99.169998,1546000,96.191579
2015-10-26,99.169998,99.669998,98.669998,99.529999,1044800,96.540768
2015-10-27,99.139999,99.419998,98.550003,99.269997,1107800,96.288574
2015-10-28,99.559998,100.940002,99.269997,100.870003,2922500,97.840527
2015-10-29,99.860001,102.139999,98.610001,101.959999,2736000,98.897787
2015-10-30,102.110001,102.620003,101.419998,102.230003,3364300,99.159682
2015-11-02,102.809998,104.120003,102.290001,104.059998,2757700,100.934715
2015-11-03,103.889999,103.980003,103.050003,103.279999,2064600,100.178142
2015-11-04,103.290001,103.800003,101.940002,102.230003,1732000,99.159682
2015-11-05,101.730003,101.959999,99.050003,100.870003,3137200,97.840527
2015-11-06,100.25,100.25,96.989998,98.029999,3114800,95.085818
2015-11-09,97.830002,97.940002,96.389999,97.110001,1839100,94.19345
2015-11-10,97.129997,97.629997,96.860001,97.129997,1753700,94.212846
2015-11-11,97.419998,97.989998,96.889999,97.620003,1110300,94.688135
2015-11-12,97.309998,98.269997,96.949997,97.349998,1683000,94.42624
2015-11-13,97.599998,98.080002,96.199997,96.379997,1623700,93.485372
2015-11-16,96.470001,98.050003,96.0,98.050003,1336600,95.105221
2015-11-17,98.230003,98.970001,97.730003,98.349998,1381000,95.396207
2015-11-18,98.620003,99.82,98.32,99.660004,1668000,96.666868
2015-11-19,99.870003,100.260002,99.220001,99.629997,1537100,96.637763
2015-11-20,100.199997,100.870003,99.529999,100.489998,1325700,97.471935
2015-11-23,100.489998,100.669998,99.449997,99.940002,997400,96.938457
2015-11-24,99.279999,99.449997,98.32,99.260002,1336900,96.27888
2015-11-25,99.150002,99.599998,98.900002,99.089996,965900,96.11398
2015-11-27,99.089996,100.040001,99.089996,99.68,487000,96.686264
2015-11-30,99.949997,100.209999,99.230003,99.379997,1795400,96.395271
2015-12-01,99.5,101.190002,99.5,101.169998,1994100,98.131512
2015-12-02,100.959999,101.239998,99.239998,99.459999,1649900,96.47287
2015-12-03,99.43,99.68,97.440002,97.889999,2469600,94.950023
2015-12-04,98.07,99.010002,97.169998,97.550003,3380500,94.620238
2015-12-07,97.059998,97.980003,97.050003,97.690002,2485600,94.756033
2015-12-08,97.339996,97.610001,96.279999,96.879997,2655000,93.970355
2015-12-09,96.290001,97.440002,94.860001,95.540001,2558800,92.670603
2015-12-10,95.540001,96.040001,94.970001,95.07,1728300,92.214718
2015-12-11,94.040001,94.599998,93.25,93.68,3007700,90.866465
2015-12-14,93.379997,94.410004,92.879997,94.040001,2220200,91.695275
2015-12-15,94.870003,96.150002,94.779999,95.610001,1774600,93.22613
2015-12-16,96.010002,97.769997,95.639999,97.5,1892100,95.069005
2015-12-17,97.830002,97.879997,96.080002,96.089996,1775700,93.694158
2015-12-18,95.610001,95.900002,94.589996,94.599998,3258400,92.24131
2015-12-21,95.419998,95.739998,94.790001,95.559998,1291400,93.177374
2015-12-22,96.150002,97.0,95.860001,96.419998,1755500,94.015931
2015-12-23,96.68,98.540001,96.68,98.5,1844600,96.044072
2015-12-24,98.629997,98.699997,97.919998,98.139999,668400,95.693047
2015-12-28,97.739998,98.519997,97.5,98.370003,1028300,95.917316
2015-12-29,98.949997,99.589996,98.919998,99.410004,1198200,96.931386
2015-12-30,99.330002,99.529999,98.019997,98.099998,1039600,95.654044
2015-12-31,97.959999,97.989998,96.879997,96.949997,1508400,94.532716
2016-01-04,96.290001,96.779999,95.089996,96.699997,2819800,94.288949
2016-01-05,96.940002,98.75,96.800003,98.610001,2518400,96.15133
2016-01-06,98.07,98.639999,97.519997,98.260002,2132400,95.810058
2016-01-07,96.900002,97.330002,95.370003,95.809998,3203600,93.42114
2016-01-08,95.989998,96.489998,93.900002,94.230003,1959800,91.88054
2016-01-11,94.730003,95.0,93.839996,94.480003,1545400,92.124307
2016-01-12,95.110001,95.18,93.779999,94.480003,1859900,92.124307
2016-01-13,94.849998,95.07,92.099998,92.150002,1989500,89.8524
2016-01-14,92.739998,93.050003,91.699997,92.209999,2524500,89.910901
2016-01-15,90.510002,91.629997,87.849998,88.389999,5379300,86.186147
2016-01-19,89.760002,93.529999,89.599998,90.910004,4084300,88.643319
2016-01-20,90.010002,90.18,86.209999,89.0,4293000,86.780938
2016-01-21,88.870003,91.160004,88.209999,90.019997,2994700,87.775503
2016-01-22,90.910004,93.589996,90.330002,93.25,3258300,90.924972
2016-01-25,93.279999,93.389999,90.93,91.120003,2895300,88.848082
2016-01-26,92.0,93.690002,91.900002,92.470001,2795000,90.164421
2016-01-27,92.059998,93.449997,91.419998,92.510002,2024200,90.203424
2016-01-28,92.629997,93.449997,92.339996,92.510002,1950100,90.203424
2016-01-29,93.639999,94.5,92.870003,94.339996,2744400,91.987791
2016-02-01,93.599998,93.900002,92.830002,93.099998,2621900,90.77871
2016-02-02,92.480003,92.839996,91.150002,91.349998,1908400,89.072344
2016-02-03,91.760002,91.760002,88.400002,90.489998,4310400,88.233786
2016-02-04,90.32,91.839996,90.010002,91.089996,2385400,88.818824
2016-02-05,90.699997,90.949997,88.559998,88.839996,2046000,86.624924
2016-02-08,88.410004,88.459999,84.550003,85.410004,3025300,83.280452
2016-02-09,84.559998,85.889999,83.910004,85.57,2638100,83.436459
2016-02-10,85.849998,87.129997,85.360001,85.839996,1595200,83.699724
2016-02-11,84.650002,84.650002,83.07,83.660004,2891000,81.574085
2016-02-12,85.089996,85.82,83.75,85.669998,2188000,83.533964
2016-02-16,87.089996,87.459999,85.980003,86.449997,1880200,84.294515
2016-02-17,86.93,87.339996,86.110001,86.190002,2491800,84.041003
2016-02-18,86.089996,88.010002,85.779999,87.5,2799500,85.318338
2016-02-19,87.410004,87.919998,86.510002,87.32,2750900,85.142826
2016-02-22,88.019997,89.82,88.019997,89.239998,2633600,87.014952
2016-02-23,88.870003,89.360001,87.580002,88.019997,1967600,85.82537
2016-02-24,87.57,89.43,87.010002,89.029999,3775900,86.810189
2016-02-25,89.269997,90.139999,88.959999,89.419998,4584300,87.190464
2016-02-26,88.800003,91.800003,87.290001,90.010002,4730300,87.765758
2016-02-29,90.160004,93.25,90.010002,92.199997,3879600,89.901149
2016-03-01,92.75,94.790001,91.650002,94.699997,3240600,92.338816
2016-03-02,94.389999,94.699997,93.739998,94.620003,1645700,92.260816
2016-03-03,94.800003,95.32,94.129997,95.300003,1879700,92.923862
2016-03-04,95.120003,96.330002,95.099998,95.940002,1987800,93.547904
2016-03-07,95.459999,96.199997,95.209999,95.599998,1987900,93.216377
2016-03-08,95.019997,95.559998,94.370003,94.599998,1719400,92.24131
2016-03-09,94.940002,95.18,94.260002,94.599998,1872800,92.24131
2016-03-10,95.309998,95.809998,93.690002,94.709999,1748500,92.348568
2016-03-11,95.550003,98.559998,95.419998,98.459999,2680700,96.005069
2016-03-14,97.690002,98.309998,96.690002,98.059998,2026200,95.61504
2016-03-15,97.07,98.629997,97.019997,98.410004,2124200,95.95632
2016-03-16,98.110001,99.980003,97.790001,99.809998,1817000,97.321407
2016-03-17,99.720001,102.900002,99.470001,101.75,3535100,99.213039
2016-03-18,102.199997,102.199997,100.150002,100.510002,3566500,98.003958
2016-03-21,100.010002,100.660004,99.760002,100.339996,1718100,97.838191
2016-03-22,100.080002,100.370003,99.459999,99.93,1435800,97.438418
2016-03-23,100.0,100.959999,99.57,99.580002,1343900,97.097146
2016-03-24,99.400002,100.620003,98.870003,100.349998,1576800,97.847944
2016-03-28,100.459999,100.879997,99.889999,100.239998,1077100,97.740686
2016-03-29,100.300003,102.07,99.800003,101.919998,1824400,99.378798
2016-03-30,102.349998,102.910004,102.080002,102.309998,1568400,99.759074
2016-03-31,102.0,102.93,101.879997,102.370003,1588300,99.817583
2016-04-01,101.93,104.82,101.870003,104.5,3108100,101.894472
2016-04-04,104.699997,104.879997,104.120003,104.699997,1877200,102.089483
2016-04-05,104.0,104.389999,103.739998,104.0,1661100,101.406939
2016-04-06,104.0,105.839996,103.75,105.699997,2331500,103.064549
2016-04-07,105.230003,105.550003,104.43,105.0,2133100,102.382006
2016-04-08,105.019997,106.07,104.82,105.709999,1380300,103.57739
2016-04-11,106.25,106.529999,105.669998,106.010002,1423500,103.871341
2016-04-12,105.910004,106.489998,105.260002,106.169998,1495700,104.028109
2016-04-13,106.739998,106.75,105.809998,106.230003,2271300,104.086904
2016-04-14,106.150002,106.339996,105.080002,105.199997,1628000,103.077677
2016-04-15,105.279999,106.0,104.870003,105.779999,1325100,103.645978
2016-04-18,105.220001,105.760002,105.0,105.540001,2029800,103.410822
2016-04-19,105.019997,105.540001,103.949997,105.5,2433100,103.371628
2016-04-20,105.510002,105.889999,104.639999,104.82,1707300,102.705346
2016-04-21,104.5,104.5,102.379997,102.57,2442200,100.500738
2016-04-22,102.959999,105.139999,102.849998,104.190002,1709900,102.088058
2016-04-25,104.089996,104.550003,103.309998,104.18,1296800,102.078258
2016-04-26,104.449997,105.050003,104.379997,104.769997,1257900,102.656351
2016-04-27,104.529999,105.279999,103.800003,104.489998,1613500,102.382001
2016-04-28,103.809998,105.339996,103.519997,104.129997,2402300,102.029264
2016-04-29,103.949997,105.25,102.290001,104.879997,2678500,102.764133
2016-05-02,105.0,105.769997,104.5,105.510002,2100800,103.381428
2016-05-03,104.419998,104.989998,103.150002,104.160004,1976800,102.058665
2016-05-04,103.650002,105.730003,103.260002,105.510002,1927500,103.381428
2016-05-05,105.610001,106.720001,105.610001,106.309998,2148400,104.165284
2016-05-06,106.059998,106.68,105.239998,106.57,1305800,104.420041
2016-05-09,106.629997,107.160004,106.239998,106.650002,1169500,104.498429
2016-05-10,106.870003,107.239998,106.550003,107.18,1156200,105.017735
2016-05-11,106.93,107.129997,105.699997,105.730003,1025800,103.596991
2016-05-12,106.260002,106.779999,105.589996,106.559998,1185200,104.410241
2016-05-13,106.339996,106.599998,105.370003,105.699997,1272200,103.56759
2016-05-16,105.75,106.720001,105.699997,106.480003,1620900,104.33186
2016-05-17,106.650002,106.650002,104.82,105.360001,1213700,103.234453
2016-05-18,105.18,105.440002,103.410004,104.550003,1691000,102.440796
2016-05-19,103.5,104.089996,103.110001,103.769997,1146700,101.676526
2016-05-20,104.279999,104.43,103.629997,104.010002,1632900,101.911689
2016-05-23,104.279999,104.440002,103.629997,104.160004,1069200,102.058665
2016-05-24,104.449997,105.349998,104.199997,105.300003,2153000,103.175665
2016-05-25,106.0,106.470001,105.519997,106.169998,1311800,104.028109
2016-05-26,106.029999,106.239998,104.910004,105.300003,1544700,103.175665
2016-05-27,105.440002,106.540001,105.360001,106.059998,1119900,103.920328
2016-05-31,105.959999,106.300003,105.25,105.779999,2166200,103.645978
2016-06-01,105.459999,105.849998,104.870003,105.470001,1133700,103.342234
2016-06-02,105.349998,106.57,104.93,106.559998,1338500,104.410241
2016-06-03,106.959999,107.290001,106.410004,106.970001,1438300,104.811973
2016-06-06,107.110001,107.660004,106.660004,107.199997,1164500,105.037329
2016-06-07,107.269997,108.269997,106.940002,107.870003,1299700,105.693818
2016-06-08,107.839996,108.309998,107.230003,107.559998,1225600,105.390066
2016-06-09,107.400002,109.099998,107.099998,109.07,2009500,106.869606
2016-06-10,108.43,109.379997,108.029999,108.790001,2050800,106.595256
2016-06-13,108.769997,109.800003,108.550003,108.93,2493200,106.732431
2016-06-14,108.519997,108.849998,107.209999,107.610001,1552000,105.439061
2016-06-15,107.25,107.760002,106.860001,107.230003,1342700,105.586766
2016-06-16,106.980003,107.75,106.639999,107.690002,1460400,106.039716
2016-06-17,107.599998,107.709999,106.5,106.940002,2267200,105.30121
2016-06-20,107.839996,108.559998,107.370003,107.419998,2327100,105.77385
2016-06-21,107.910004,109.790001,107.639999,109.440002,2071300,107.762899
2016-06-22,109.389999,109.82,108.629997,109.400002,1247300,107.723511
2016-06-23,110.0,111.470001,109.529999,111.470001,1842700,109.761789
2016-06-24,108.18,110.269997,107.68,108.269997,3365800,106.610822
2016-06-27,107.639999,108.919998,106.639999,108.889999,2662000,107.221324
2016-06-28,109.82,110.839996,109.190002,110.800003,1805500,109.102058
2016-06-29,111.650002,113.129997,111.110001,113.0,2442700,111.268341
2016-06-30,113.220001,113.629997,111.739998,113.610001,3217100,111.868994
2016-07-01,113.940002,114.5,113.449997,113.599998,1551300,111.859145
2016-07-05,113.620003,114.230003,113.470001,113.830002,2322400,112.085624
2016-07-06,113.480003,113.519997,111.620003,112.400002,2411600,110.677537
2016-07-07,112.459999,113.480003,111.669998,112.199997,1994100,110.480598
2016-07-08,113.18,113.75,112.330002,113.660004,1927200,111.918231
2016-07-11,113.660004,114.790001,112.739998,114.669998,2073300,112.912748
2016-07-12,114.599998,116.120003,114.260002,116.099998,3195700,114.320834
2016-07-13,116.400002,116.699997,115.580002,116.010002,2194400,114.232217
2016-07-14,115.989998,117.160004,115.639999,117.0,2344500,115.207044
2016-07-15,117.540001,117.540001,115.949997,116.82,1712700,115.029802
2016-07-18,116.790001,117.5,116.25,116.300003,1485000,114.517774
2016-07-19,116.300003,117.379997,116.129997,117.370003,1388600,115.571376
2016-07-20,117.360001,117.839996,117.099998,117.730003,1627400,115.92586
2016-07-21,117.650002,117.919998,116.980003,117.550003,1305600,115.748618
2016-07-22,117.660004,118.260002,117.330002,117.839996,1511200,116.034167
2016-07-25,117.900002,118.110001,116.18,116.870003,1467200,115.079038
2016-07-26,116.940002,117.220001,116.489998,116.970001,1571600,115.177505
2016-07-27,116.989998,117.75,116.190002,117.610001,1961700,115.807696
2016-07-28,117.330002,117.900002,115.849998,116.650002,2176000,114.862409
2016-07-29,116.260002,116.449997,115.559998,115.769997,2296800,113.995889
2016-08-01,115.870003,117.050003,115.830002,117.040001,1875500,115.246432
2016-08-02,116.470001,116.870003,115.919998,116.739998,2037300,114.951026
2016-08-03,116.760002,117.230003,115.279999,115.730003,2011800,113.956509
2016-08-04,115.989998,117.0,115.709999,116.419998,1773800,114.63593
2016-08-05,116.57,117.25,116.040001,116.580002,2224100,114.793482
2016-08-08,116.540001,116.800003,115.580002,115.730003,1549000,113.956509
2016-08-09,115.779999,116.139999,115.470001,115.919998,1312300,114.143592
2016-08-10,116.330002,116.330002,115.839996,116.239998,1001100,114.458688
2016-08-11,116.220001,116.669998,115.599998,115.889999,1070800,114.114053
2016-08-12,115.919998,116.940002,115.690002,116.5,933700,114.714706
2016-08-15,116.620003,117.110001,115.760002,115.790001,878700,114.015587
2016-08-16,115.199997,115.529999,113.870003,114.120003,1813200,112.371181
2016-08-17,114.410004,114.669998,113.050003,114.559998,1448200,112.804433
2016-08-18,114.519997,114.919998,113.75,114.349998,1098200,112.597652
2016-08-19,114.18,114.57,113.25,113.610001,3096700,111.868994
2016-08-22,113.639999,114.889999,113.080002,114.620003,1434200,112.863518
2016-08-23,115.209999,116.360001,115.019997,115.220001,1924700,113.454322
2016-08-24,115.230003,115.480003,114.349998,114.57,1360900,112.814282
2016-08-25,114.610001,115.040001,114.099998,114.25,1208000,112.499186
2016-08-26,114.440002,115.0,112.290001,113.230003,1665700,111.49482
2016-08-29,113.739998,114.18,113.589996,113.839996,1229500,112.095465
2016-08-30,113.900002,114.0,112.669998,113.220001,1458900,111.484971
2016-08-31,113.139999,113.860001,112.730003,113.379997,2493100,111.642515
2016-09-01,113.699997,113.849998,112.839996,113.82,1157700,112.075775
2016-09-02,114.330002,115.529999,114.239998,115.089996,1747300,113.32631
2016-09-06,115.599998,117.309998,115.209999,117.150002,2391100,115.354746
2016-09-07,116.839996,117.150002,116.349998,116.830002,1415900,115.039651
2016-09-08,116.309998,116.779999,116.230003,116.25,3568700,114.468537
2016-09-09,115.300003,115.690002,110.190002,110.190002,2960700,108.501405
2016-09-12,109.449997,111.830002,109.0,111.269997,2629100,109.564849
2016-09-13,110.879997,110.949997,107.910004,108.110001,2444000,106.453278
2016-09-14,108.529999,109.43,107.760002,108.370003,1915400,106.709296
2016-09-15,108.519997,109.370003,108.010002,109.080002,1535600,107.408415
2016-09-16,108.459999,108.589996,107.57,108.0,2797100,106.344963
2016-09-19,108.599998,109.389999,108.330002,109.199997,1509800,107.526571
2016-09-20,110.089996,110.290001,108.610001,108.650002,1396800,106.985004
2016-09-21,108.620003,110.349998,108.019997,110.099998,1472200,108.412781
2016-09-22,111.220001,112.43,110.940002,112.279999,2059400,110.559374
2016-09-23,112.150002,113.400002,111.5,112.989998,2459800,111.258492
2016-09-26,112.5,113.07,111.709999,112.690002,1557200,110.963094
2016-09-27,113.220001,113.220001,112.230003,112.580002,1428000,110.854779
2016-09-28,112.400002,112.769997,111.639999,112.629997,1483700,111.448482
2016-09-29,112.25,113.739998,111.529999,113.480003,2444400,112.289571
2016-09-30,113.790001,114.889999,113.300003,113.330002,2807000,112.141143
2016-10-03,112.900002,113.230003,111.75,112.25,2571500,111.072471
2016-10-04,112.25,112.25,110.18,110.610001,2572400,109.449675
2016-10-05,110.639999,110.860001,107.25,107.440002,3795800,106.312931
2016-10-06,107.150002,108.75,106.040001,108.510002,2907500,107.371706
2016-10-07,108.709999,109.589996,107.809998,108.510002,2295900,107.371706
2016-10-10,108.550003,109.639999,108.510002,109.43,1231100,108.282053
2016-10-11,109.169998,109.480003,108.239998,108.940002,1483200,107.797196
2016-10-12,108.769997,112.110001,108.769997,111.540001,2420700,110.36992
2016-10-13,111.309998,112.760002,110.870003,112.699997,2329900,111.517747
2016-10-14,112.970001,114.589996,112.709999,113.349998,2254800,112.16093
2016-10-17,112.989998,113.809998,112.879997,113.339996,1750700,112.151033
2016-10-18,114.349998,114.739998,113.349998,114.150002,1085600,112.952541
2016-10-19,114.43,115.330002,113.93,115.32,1577400,114.110265
2016-10-20,115.059998,115.370003,113.720001,114.830002,1691900,113.625408
2016-10-21,114.0,115.790001,113.599998,115.709999,1928200,114.496174
2016-10-24,116.129997,118.089996,116.129997,116.75,1999600,115.525265
2016-10-25,116.400002,117.150002,116.089996,116.75,1548600,115.525265
2016-10-26,116.150002,116.260002,115.470001,115.669998,2459700,114.456592
2016-10-27,116.730003,117.43,115.239998,115.400002,3291800,114.189428
2016-10-28,116.040001,117.07,115.309998,116.129997,2781100,114.911766
2016-10-31,116.949997,117.389999,116.209999,117.190002,1953500,115.960651
2016-11-01,117.190002,117.459999,114.57,115.150002,2566600,113.942051
2016-11-02,114.730003,115.019997,112.230003,112.910004,3754800,111.725551
2016-11-03,113.160004,113.739998,112.019997,113.269997,2162700,112.081767
2016-11-04,113.589996,113.620003,112.959999,112.980003,2492400,111.794816
2016-11-07,114.599998,115.32,114.110001,115.190002,1738200,113.981632
2016-11-08,115.5,116.160004,115.199997,115.93,1757200,114.713867
2016-11-09,113.080002,114.309998,108.559998,109.220001,6318600,108.074257
2016-11-10,109.519997,109.519997,103.18,105.709999,8722300,104.601076
2016-11-11,105.510002,106.93,104.120003,105.709999,4281800,104.601076
2016-11-14,105.169998,105.43,100.410004,102.57,7476100,101.494016
2016-11-15,103.099998,105.660004,103.010002,103.489998,3461300,102.404363
2016-11-16,103.5,105.68,103.059998,105.43,2947400,104.324014
2016-11-17,105.32,107.190002,104.769997,105.540001,3234800,104.432861
2016-11-18,105.739998,106.43,103.970001,105.089996,2794300,103.987577
2016-11-21,106.370003,107.099998,105.720001,105.910004,2945900,104.798982
2016-11-22,106.349998,108.169998,105.43,107.980003,2500900,106.847267
2016-11-23,107.239998,107.75,106.639999,106.779999,2282600,105.659851
2016-11-25,106.760002,107.889999,106.68,107.300003,717600,106.1744
2016-11-28,107.190002,108.040001,105.949997,106.110001,2497100,104.996881
2016-11-29,106.330002,107.279999,105.610001,106.050003,2000600,104.937513
2016-11-30,106.309998,106.440002,102.190002,102.269997,5864900,101.19716
2016-12-01,101.360001,101.949997,99.720001,100.980003,5000600,99.920699
2016-12-02,101.510002,103.110001,101.260002,102.57,3181000,101.494016
2016-12-05,102.339996,102.550003,101.220001,102.040001,2770400,100.969577
2016-12-06,103.120003,103.160004,100.790001,100.849998,3083400,99.792058
2016-12-07,101.5,102.410004,100.879997,102.199997,4570500,101.127895
2016-12-08,102.190002,103.860001,101.769997,102.389999,3474400,101.315904
2016-12-09,102.470001,103.129997,102.43,102.910004,3304000,101.830453
2016-12-12,102.68,104.849998,102.650002,103.889999,3502700,102.800169
2016-12-13,104.669998,106.620003,104.459999,106.129997,3091000,105.016668
2016-12-14,106.129997,108.169998,105.620003,106.5,4456400,105.38279
2016-12-15,105.940002,106.769997,105.629997,106.059998,2452300,104.947403
2016-12-16,106.330002,106.779999,105.589996,105.800003,2915000,104.690136
2016-12-19,106.470001,107.169998,105.790001,106.949997,1480300,105.828066
2016-12-20,107.089996,107.870003,106.559998,106.980003,1672200,105.857758
2016-12-21,106.980003,107.75,106.540001,106.599998,1330100,105.481739
2016-12-22,106.330002,106.610001,105.300003,106.599998,1069900,105.481739
2016-12-23,106.220001,106.879997,105.599998,106.029999,962400,105.49169
2016-12-27,106.260002,106.82,106.019997,106.290001,974300,105.750372
2016-12-28,106.5,106.599998,105.709999,105.839996,1118400,105.302653
2016-12-29,105.910004,106.769997,105.75,106.389999,1589100,105.849863
2016-12-30,106.459999,106.690002,105.410004,105.68,1635500,105.143469
2017-01-03,106.730003,106.879997,105.339996,106.150002,2240900,105.611084
2017-01-04,106.410004,106.940002,106.199997,106.339996,1720700,105.800114
2017-01-05,106.0,106.43,105.389999,105.970001,1919900,105.431997
2017-01-06,105.93,106.300003,105.18,105.269997,1995300,104.735547
2017-01-09,105.5,105.82,104.949997,105.019997,2271600,104.486816
2017-01-10,105.239998,105.25,103.169998,103.5,2267500,102.974536
2017-01-11,103.480003,104.169998,102.510002,103.830002,2631700,103.302863
2017-01-12,103.690002,104.260002,103.120003,104.199997,1568800,103.670979
2017-01-13,104.220001,104.760002,102.870003,103.449997,2058900,102.924787
2017-01-17,103.580002,105.190002,103.410004,105.169998,2055500,104.636056
2017-01-18,105.260002,106.419998,105.040001,105.669998,2078100,105.133517
2017-01-19,105.669998,105.669998,103.860001,104.440002,1747600,103.909766
2017-01-20,104.839996,105.419998,103.970001,104.199997,2598800,103.670979
2017-01-23,104.5,105.190002,104.260002,104.779999,2223000,104.248037
2017-01-24,104.970001,104.970001,104.029999,104.57,1823700,104.039104
2017-01-25,104.82,104.889999,103.690002,103.919998,2053900,103.392402
2017-01-26,104.139999,105.139999,103.75,104.300003,1272600,103.770478
2017-01-27,104.410004,104.779999,103.660004,103.82,1207100,103.292911
2017-01-30,104.050003,104.050003,102.730003,103.010002,1509900,102.487026
2017-01-31,103.540001,104.0,103.160004,103.5,1376300,102.974536
2017-02-01,103.599998,103.839996,103.019997,103.279999,1906700,102.755652
2017-02-02,103.279999,104.32,103.07,104.110001,1322200,103.58144
2017-02-03,104.830002,105.650002,104.760002,105.25,2988100,104.715652
2017-02-06,105.059998,105.400002,103.07,103.639999,2141200,103.113825
2017-02-07,103.660004,103.93,102.910004,103.470001,1344100,102.94469
2017-02-08,103.57,104.43,103.360001,104.300003,1301900,103.770478
2017-02-09,104.199997,106.0,103.470001,105.779999,2525100,105.24296
2017-02-10,105.5,105.760002,104.730003,105.489998,1228100,104.954431
2017-02-13,105.690002,107.68,105.599998,107.550003,1975500,107.003978
2017-02-14,107.639999,107.639999,105.82,106.779999,1580600,106.237883
2017-02-15,107.089996,107.370003,106.010002,107.110001,1362500,106.566209
2017-02-16,106.949997,107.970001,106.849998,107.709999,1321800,107.163161
2017-02-17,107.889999,109.800003,107.660004,108.110001,4991400,107.561132
2017-02-21,108.110001,111.220001,108.019997,111.18,3012600,110.615546
2017-02-22,111.360001,111.830002,110.599998,111.019997,2207400,110.456354
2017-02-23,111.169998,112.25,111.139999,112.199997,2233300,111.630364
2017-02-24,112.07,113.209999,111.769997,112.889999,2589400,112.316863
2017-02-27,114.010002,114.860001,112.790001,113.339996,2895100,112.764575
2017-02-28,113.139999,115.690002,113.089996,114.790001,3001200,114.207218
2017-03-01,114.779999,114.870003,113.080002,113.839996,2799100,113.262037
2017-03-02,113.809998,115.239998,112.959999,114.809998,2592100,114.227114
2017-03-03,114.580002,115.760002,114.349998,115.669998,1395100,115.082748
2017-03-06,115.379997,115.529999,114.279999,114.709999,1809800,114.127623
2017-03-07,114.330002,115.239998,113.93,114.699997,2404400,114.117671
2017-03-08,114.050003,114.699997,113.169998,113.239998,2010200,112.665085
2017-03-09,113.419998,113.699997,112.779999,113.0,2015400,112.426305
2017-03-10,113.0,114.199997,113.0,113.580002,1509500,113.003362
2017-03-13,113.699997,114.519997,113.209999,114.260002,1597200,113.67991
2017-03-14,113.900002,114.730003,113.660004,114.019997,1416100,113.441123
2017-03-15,114.129997,116.050003,113.949997,115.279999,2112400,114.694729
2017-03-16,115.720001,115.989998,114.769997,115.089996,1814200,114.505691
2017-03-17,115.360001,116.279999,115.07,116.010002,3237500,115.421026
2017-03-20,116.029999,116.860001,115.739998,115.980003,2033400,115.391179
2017-03-21,116.550003,118.540001,116.32,116.739998,2854000,116.147315
2017-03-22,117.529999,118.599998,116.790001,118.309998,2851000,117.709344
2017-03-23,118.43,119.5,118.07,118.949997,2624400,118.346094
2017-03-24,119.190002,119.760002,118.879997,119.32,2475800,118.714219
2017-03-27,118.720001,120.25,118.550003,120.010002,3023500,119.400718
2017-03-28,120.010002,120.720001,119.519997,120.389999,2259200,119.778786
2017-03-29,120.190002,121.330002,120.160004,121.040001,2266000,120.425488
2017-03-30,120.779999,121.089996,120.169998,120.910004,1795300,120.29615
2017-03-31,120.639999,121.849998,120.470001,121.540001,2713700,120.922949
2017-04-03,121.43,121.900002,120.449997,121.150002,2071800,120.53493
2017-04-04,120.910004,121.589996,120.510002,120.739998,1710200,120.127008
2017-04-05,120.870003,121.739998,120.57,120.639999,2020800,120.027517
2017-04-06,120.720001,122.080002,120.440002,121.949997,1859300,121.330864
2017-04-07,121.970001,122.690002,121.690002,122.120003,1974600,121.500006
2017-04-10,121.639999,122.620003,121.57,122.480003,2030600,122.480003
2017-04-11,123.050003,124.400002,122.419998,122.760002,2436400,122.760002
2017-04-12,122.43,122.949997,122.089996,122.370003,2432500,122.370003
2017-04-13,122.75,123.309998,122.25,122.599998,1899100,122.599998
2017-04-17,123.07,124.290001,123.0,124.25,1873500,124.25
2017-04-18,124.050003,125.089996,123.82,124.860001,2440200,124.860001
2017-04-19,125.160004,125.419998,124.360001,124.669998,2330700,124.669998
2017-04-20,124.709999,124.93,123.980003,124.300003,3566100,124.300003
2017-04-21,124.220001,124.540001,123.580002,124.43,1621200,124.43
2017-04-24,124.919998,125.379997,123.669998,123.849998,1971500,123.849998
2017-04-25,124.779999,124.809998,123.730003,123.940002,2238700,123.940002
2017-04-26,123.449997,123.949997,122.730003,122.809998,2133300,122.809998
2017-04-27,122.809998,126.360001,122.769997,125.769997,4862500,125.769997
2017-04-28,125.459999,126.190002,124.879997,125.940002,2847900,125.940002
2017-05-01,126.559998,127.989998,125.900002,127.510002,3284200,127.510002
2017-05-02,127.730003,128.610001,127.540001,127.910004,2622700,127.910004
2017-05-03,128.610001,128.610001,126.739998,126.790001,1767200,126.790001
2017-05-04,126.709999,127.839996,126.010002,127.389999,1626200,127.389999
2017-05-05,127.639999,128.839996,127.139999,128.690002,1607000,128.690002
